"","g_yr","g_id","g_st","g_cy","t_p","t_p_wh","t_p_bl","t_p_na","t_p_as","t_p_nh","t_p_or","t_p_mr","I","t_h","t_h_wh","t_h_bl","t_h_na","t_h_as","t_h_nh","t_h_or","t_h_mr","t_h_hi","t_h_n_hi","t_h_wa","t_h_nw","t_h_nf","t_u","t_u_oc","t_u_vc","t_u_oc_ro","t_u_oc_oo"
"1","1950","42017B0010000",42,17,5269,5170,91,NA,NA,NA,8,NA,32120,1379,NA,NA,NA,NA,NA,NA,NA,NA,NA,NA,NA,NA,1580,1388,192,300,1088
"2","1950","42017B0020000",42,17,6096,5803,293,NA,NA,NA,0,NA,32500,1659,NA,NA,NA,NA,NA,NA,NA,NA,NA,NA,NA,NA,1824,1662,162,278,1384
"3","1950","42017B0030000",42,17,7248,7244,2,NA,NA,NA,2,NA,32930,1960,NA,NA,NA,NA,NA,NA,NA,NA,NA,NA,NA,NA,2161,1959,202,312,1647
"4","1950","42017B0040000",42,17,4936,4729,206,NA,NA,NA,1,NA,32180,1345,NA,NA,NA,NA,NA,NA,NA,NA,NA,NA,NA,NA,1402,1355,47,718,637
"5","1950","42017B0050000",42,17,3083,3082,0,NA,NA,NA,1,NA,34250,873,NA,NA,NA,NA,NA,NA,NA,NA,NA,NA,NA,NA,881,867,14,223,644
"6","1950","42017B0060000",42,17,5793,5607,183,NA,NA,NA,3,NA,30290,1576,NA,NA,NA,NA,NA,NA,NA,NA,NA,NA,NA,NA,1605,1580,25,622,958
"7","1950","42017B0070000",42,17,3834,3727,106,NA,NA,NA,1,NA,32500,959,NA,NA,NA,NA,NA,NA,NA,NA,NA,NA,NA,NA,983,966,17,259,707
"8","1950","42017B0080000",42,17,2646,2617,29,NA,NA,NA,0,NA,24850,670,NA,NA,NA,NA,NA,NA,NA,NA,NA,NA,NA,NA,775,669,106,196,473
"9","1950","42017B0090000",42,17,2341,2341,0,NA,NA,NA,0,NA,33610,656,NA,NA,NA,NA,NA,NA,NA,NA,NA,NA,NA,NA,827,654,173,109,545
"10","1950","42017B0100000",42,17,860,860,0,NA,NA,NA,0,NA,0,254,NA,NA,NA,NA,NA,NA,NA,NA,NA,NA,NA,NA,282,254,28,100,154
"11","1950","42017B0110000",42,17,1100,1100,0,NA,NA,NA,0,NA,0,295,NA,NA,NA,NA,NA,NA,NA,NA,NA,NA,NA,NA,308,295,13,83,212
"12","1950","42017B0120000",42,17,781,745,36,NA,NA,NA,0,NA,0,151,NA,NA,NA,NA,NA,NA,NA,NA,NA,NA,NA,NA,162,152,10,36,116
"13","1950","42017B0130000",42,17,1579,1392,185,NA,NA,NA,2,NA,27290,439,NA,NA,NA,NA,NA,NA,NA,NA,NA,NA,NA,NA,444,436,8,165,271
"14","1950","42017B0140000",42,17,3562,3556,6,NA,NA,NA,0,NA,33880,1024,NA,NA,NA,NA,NA,NA,NA,NA,NA,NA,NA,NA,1194,1022,172,122,900
"15","1950","42017B0150000",42,17,2027,2010,11,NA,NA,NA,6,NA,40250,603,NA,NA,NA,NA,NA,NA,NA,NA,NA,NA,NA,NA,623,601,22,96,505
"16","1950","42017B0160000",42,17,7127,7081,33,NA,NA,NA,13,NA,30990,1767,NA,NA,NA,NA,NA,NA,NA,NA,NA,NA,NA,NA,1824,1761,63,1297,464
"17","1950","42017B0170000",42,17,358,358,0,NA,NA,NA,0,NA,0,107,NA,NA,NA,NA,NA,NA,NA,NA,NA,NA,NA,NA,108,106,2,31,75
"18","1950","42017B0180000",42,17,2336,2316,18,NA,NA,NA,2,NA,31330,655,NA,NA,NA,NA,NA,NA,NA,NA,NA,NA,NA,NA,731,653,78,138,515
"19","1950","42017B0190000",42,17,828,818,10,NA,NA,NA,0,NA,0,225,NA,NA,NA,NA,NA,NA,NA,NA,NA,NA,NA,NA,240,224,16,61,163
"20","1950","42017B0200000",42,17,1367,1363,4,NA,NA,NA,0,NA,0,388,NA,NA,NA,NA,NA,NA,NA,NA,NA,NA,NA,NA,427,390,37,83,307
"21","1950","42017B0210000",42,17,3688,3678,6,NA,NA,NA,4,NA,26390,983,NA,NA,NA,NA,NA,NA,NA,NA,NA,NA,NA,NA,1046,980,66,225,755
"22","1950","42017B0220000",42,17,384,384,0,NA,NA,NA,0,NA,0,114,NA,NA,NA,NA,NA,NA,NA,NA,NA,NA,NA,NA,119,114,5,41,73
"23","1950","42017B0230000",42,17,1626,1565,61,NA,NA,NA,0,NA,0,465,NA,NA,NA,NA,NA,NA,NA,NA,NA,NA,NA,NA,535,464,71,133,331
"24","1950","42017B0240000",42,17,4358,4354,4,NA,NA,NA,0,NA,32240,1316,NA,NA,NA,NA,NA,NA,NA,NA,NA,NA,NA,NA,1418,1317,101,382,935
"25","1950","42017B0250000",42,17,2373,2371,2,NA,NA,NA,0,NA,32320,719,NA,NA,NA,NA,NA,NA,NA,NA,NA,NA,NA,NA,751,730,21,222,508
"26","1950","42017B0260000",42,17,528,528,0,NA,NA,NA,0,NA,0,146,NA,NA,NA,NA,NA,NA,NA,NA,NA,NA,NA,NA,150,147,3,44,103
"27","1950","42017B0270000",42,17,2020,1999,21,NA,NA,NA,0,NA,22670,537,NA,NA,NA,NA,NA,NA,NA,NA,NA,NA,NA,NA,687,536,151,121,415
"28","1950","42017B0280000",42,17,2865,2865,0,NA,NA,NA,0,NA,24260,767,NA,NA,NA,NA,NA,NA,NA,NA,NA,NA,NA,NA,927,770,157,181,589
"29","1950","42017B0290000",42,17,838,838,0,NA,NA,NA,0,NA,0,239,NA,NA,NA,NA,NA,NA,NA,NA,NA,NA,NA,NA,243,238,5,92,146
"30","1950","42017B0300000",42,17,3050,3041,9,NA,NA,NA,0,NA,30000,853,NA,NA,NA,NA,NA,NA,NA,NA,NA,NA,NA,NA,909,860,49,224,636
"31","1950","42017B0310000",42,17,5673,5662,11,NA,NA,NA,0,NA,30380,1783,NA,NA,NA,NA,NA,NA,NA,NA,NA,NA,NA,NA,1813,1788,25,651,1137
"32","1950","42017B0320000",42,17,762,760,2,NA,NA,NA,0,NA,0,215,NA,NA,NA,NA,NA,NA,NA,NA,NA,NA,NA,NA,216,213,3,74,139
"33","1950","42017B0330000",42,17,1084,1074,9,NA,NA,NA,1,NA,0,293,NA,NA,NA,NA,NA,NA,NA,NA,NA,NA,NA,NA,362,300,62,78,222
"34","1950","42017B0340000",42,17,2668,2662,3,NA,NA,NA,3,NA,26580,752,NA,NA,NA,NA,NA,NA,NA,NA,NA,NA,NA,NA,836,751,85,229,522
"35","1950","42017B0350000",42,17,668,668,0,NA,NA,NA,0,NA,0,198,NA,NA,NA,NA,NA,NA,NA,NA,NA,NA,NA,NA,236,197,39,61,136
"36","1950","42017B0360000",42,17,871,871,0,NA,NA,NA,0,NA,0,280,NA,NA,NA,NA,NA,NA,NA,NA,NA,NA,NA,NA,289,279,10,114,165
"37","1950","42017B0370000",42,17,1305,1305,0,NA,NA,NA,0,NA,0,377,NA,NA,NA,NA,NA,NA,NA,NA,NA,NA,NA,NA,464,379,85,59,320
"38","1950","42017B0380000",42,17,944,944,0,NA,NA,NA,0,NA,0,264,NA,NA,NA,NA,NA,NA,NA,NA,NA,NA,NA,NA,311,261,50,64,197
"39","1950","42017B0390000",42,17,1552,1550,1,NA,NA,NA,1,NA,25750,477,NA,NA,NA,NA,NA,NA,NA,NA,NA,NA,NA,NA,718,483,235,113,370
"40","1950","42017B0400000",42,17,2268,2262,6,NA,NA,NA,0,NA,32500,636,NA,NA,NA,NA,NA,NA,NA,NA,NA,NA,NA,NA,708,637,71,167,470
"41","1950","42017B0410000",42,17,400,396,1,NA,NA,NA,3,NA,0,120,NA,NA,NA,NA,NA,NA,NA,NA,NA,NA,NA,NA,121,120,1,39,81
"42","1950","42017B0420000",42,17,2353,2347,6,NA,NA,NA,0,NA,32340,690,NA,NA,NA,NA,NA,NA,NA,NA,NA,NA,NA,NA,820,695,125,181,514
"43","1950","42017B0430000",42,17,2208,2163,42,NA,NA,NA,3,NA,33330,688,NA,NA,NA,NA,NA,NA,NA,NA,NA,NA,NA,NA,820,683,137,218,465
"44","1950","42017B0440000",42,17,1066,1044,22,NA,NA,NA,0,NA,0,362,NA,NA,NA,NA,NA,NA,NA,NA,NA,NA,NA,NA,388,362,26,153,209
"45","1950","42017B0450000",42,17,3007,2939,67,NA,NA,NA,1,NA,29900,889,NA,NA,NA,NA,NA,NA,NA,NA,NA,NA,NA,NA,963,889,74,249,640
"46","1950","42017B0460000",42,17,2364,2325,37,NA,NA,NA,2,NA,22810,594,NA,NA,NA,NA,NA,NA,NA,NA,NA,NA,NA,NA,640,593,47,176,417
"47","1950","42017B0470000",42,17,5262,5183,78,NA,NA,NA,1,NA,33270,1631,NA,NA,NA,NA,NA,NA,NA,NA,NA,NA,NA,NA,1682,1636,46,677,959
"48","1950","42017B0480000",42,17,581,581,0,NA,NA,NA,0,NA,0,174,NA,NA,NA,NA,NA,NA,NA,NA,NA,NA,NA,NA,174,172,2,29,143
"49","1950","42017B0490000",42,17,906,895,11,NA,NA,NA,0,NA,0,259,NA,NA,NA,NA,NA,NA,NA,NA,NA,NA,NA,NA,305,259,46,62,197
"50","1950","42017B0500000",42,17,2248,2240,8,NA,NA,NA,0,NA,30710,625,NA,NA,NA,NA,NA,NA,NA,NA,NA,NA,NA,NA,682,627,55,198,429
"51","1950","42017B0510000",42,17,909,901,8,NA,NA,NA,0,NA,0,281,NA,NA,NA,NA,NA,NA,NA,NA,NA,NA,NA,NA,316,282,34,92,190
"52","1950","42017B0520000",42,17,1013,918,94,NA,NA,NA,1,NA,0,299,NA,NA,NA,NA,NA,NA,NA,NA,NA,NA,NA,NA,308,299,9,97,202
"53","1950","42017B0530000",42,17,2095,2005,90,NA,NA,NA,0,NA,31360,655,NA,NA,NA,NA,NA,NA,NA,NA,NA,NA,NA,NA,669,654,15,276,378
"54","1950","42017B0540000",42,17,1410,1390,20,NA,NA,NA,0,NA,0,409,NA,NA,NA,NA,NA,NA,NA,NA,NA,NA,NA,NA,456,409,47,138,271
"55","1950","42017B0550000",42,17,3211,3151,58,NA,NA,NA,2,NA,49320,895,NA,NA,NA,NA,NA,NA,NA,NA,NA,NA,NA,NA,971,900,71,169,731
"56","1950","42017B0560000",42,17,1916,1743,173,NA,NA,NA,0,NA,37050,551,NA,NA,NA,NA,NA,NA,NA,NA,NA,NA,NA,NA,575,553,22,171,382
"57","1950","42017B0570000",42,17,6787,6739,47,NA,NA,NA,1,NA,39420,1987,NA,NA,NA,NA,NA,NA,NA,NA,NA,NA,NA,NA,2071,2001,70,488,1513
"58","1950","42017B0580000",42,17,3540,3170,368,NA,NA,NA,2,NA,30630,970,NA,NA,NA,NA,NA,NA,NA,NA,NA,NA,NA,NA,1081,972,109,450,522
"59","1950","42017B0590000",42,17,648,634,13,NA,NA,NA,1,NA,0,172,NA,NA,NA,NA,NA,NA,NA,NA,NA,NA,NA,NA,170,170,0,61,109
"60","1950","42045D0010000",42,45,901,901,0,NA,NA,NA,0,NA,0,334,NA,NA,NA,NA,NA,NA,NA,NA,NA,NA,NA,NA,343,335,8,249,86
"61","1950","42045D0020000",42,45,3682,3681,1,NA,NA,NA,0,NA,36330,1100,NA,NA,NA,NA,NA,NA,NA,NA,NA,NA,NA,NA,1111,1101,10,230,871
"62","1950","42045D0030000",42,45,13043,12929,111,NA,NA,NA,3,NA,37620,3850,NA,NA,NA,NA,NA,NA,NA,NA,NA,NA,NA,NA,3923,3864,59,709,3155
"63","1950","42045D0040000",42,45,9566,9545,11,NA,NA,NA,10,NA,41920,3133,NA,NA,NA,NA,NA,NA,NA,NA,NA,NA,NA,NA,3159,3119,40,940,2179
"64","1950","42045D0050000",42,45,5038,5032,2,NA,NA,NA,4,NA,38830,1415,NA,NA,NA,NA,NA,NA,NA,NA,NA,NA,NA,NA,1429,1413,16,227,1186
"65","1950","42045D0060000",42,45,5890,5885,5,NA,NA,NA,0,NA,43850,1663,NA,NA,NA,NA,NA,NA,NA,NA,NA,NA,NA,NA,1689,1668,21,313,1355
"66","1950","42045D0070000",42,45,5939,5918,20,NA,NA,NA,1,NA,48270,1681,NA,NA,NA,NA,NA,NA,NA,NA,NA,NA,NA,NA,1704,1679,25,380,1299
"67","1950","42045D0080000",42,45,4745,4736,8,NA,NA,NA,1,NA,44710,1452,NA,NA,NA,NA,NA,NA,NA,NA,NA,NA,NA,NA,1484,1451,33,305,1146
"68","1950","42045D0090000",42,45,1693,1679,14,NA,NA,NA,0,NA,76430,481,NA,NA,NA,NA,NA,NA,NA,NA,NA,NA,NA,NA,490,482,8,24,458
"69","1950","42045D0100000",42,45,2855,2848,6,NA,NA,NA,1,NA,47500,841,NA,NA,NA,NA,NA,NA,NA,NA,NA,NA,NA,NA,853,843,10,189,654
"70","1950","42045D0110000",42,45,10062,10048,14,NA,NA,NA,0,NA,46550,2929,NA,NA,NA,NA,NA,NA,NA,NA,NA,NA,NA,NA,3155,2935,220,307,2628
"71","1950","42045D0120000",42,45,3748,3745,2,NA,NA,NA,1,NA,52930,1095,NA,NA,NA,NA,NA,NA,NA,NA,NA,NA,NA,NA,1158,1109,49,249,860
"72","1950","42045D0130000",42,45,6291,6290,0,NA,NA,NA,1,NA,51800,2041,NA,NA,NA,NA,NA,NA,NA,NA,NA,NA,NA,NA,2233,2051,182,1278,773
"73","1950","42045D0140000",42,45,6425,6418,4,NA,NA,NA,3,NA,42770,1755,NA,NA,NA,NA,NA,NA,NA,NA,NA,NA,NA,NA,1801,1767,34,254,1513
"74","1950","42045D0150000",42,45,4918,4909,9,NA,NA,NA,0,NA,41470,1367,NA,NA,NA,NA,NA,NA,NA,NA,NA,NA,NA,NA,1428,1364,64,69,1295
"75","1950","42045D0160000",42,45,1056,1054,1,NA,NA,NA,1,NA,0,265,NA,NA,NA,NA,NA,NA,NA,NA,NA,NA,NA,NA,272,262,10,12,250
"76","1950","42045D0170000",42,45,3527,3516,4,NA,NA,NA,7,NA,33500,975,NA,NA,NA,NA,NA,NA,NA,NA,NA,NA,NA,NA,990,979,11,297,682
"77","1950","42045D0180000",42,45,4470,4458,8,NA,NA,NA,4,NA,46090,1373,NA,NA,NA,NA,NA,NA,NA,NA,NA,NA,NA,NA,1387,1377,10,401,976
"78","1950","42045D0190000",42,45,5005,4995,9,NA,NA,NA,1,NA,49110,1556,NA,NA,NA,NA,NA,NA,NA,NA,NA,NA,NA,NA,1572,1557,15,398,1159
"79","1950","42045D0200000",42,45,2694,2443,251,NA,NA,NA,0,NA,40250,838,NA,NA,NA,NA,NA,NA,NA,NA,NA,NA,NA,NA,851,840,11,373,467
"80","1950","42045D0210000",42,45,7296,7291,4,NA,NA,NA,1,NA,44610,2045,NA,NA,NA,NA,NA,NA,NA,NA,NA,NA,NA,NA,2066,2036,30,314,1722
"81","1950","42045D0220000",42,45,2240,1598,642,NA,NA,NA,0,NA,33570,592,NA,NA,NA,NA,NA,NA,NA,NA,NA,NA,NA,NA,596,592,4,79,513
"82","1950","42045D0230000",42,45,1532,1531,1,NA,NA,NA,0,NA,0,430,NA,NA,NA,NA,NA,NA,NA,NA,NA,NA,NA,NA,436,429,7,25,404
"83","1950","42045D0240000",42,45,4344,4337,5,NA,NA,NA,2,NA,33950,1227,NA,NA,NA,NA,NA,NA,NA,NA,NA,NA,NA,NA,1242,1222,20,389,833
"84","1950","42045D0250000",42,45,4869,3028,1836,NA,NA,NA,5,NA,27210,1326,NA,NA,NA,NA,NA,NA,NA,NA,NA,NA,NA,NA,1328,1318,10,431,887
"85","1950","42045D0260000",42,45,3941,3934,7,NA,NA,NA,0,NA,36740,1019,NA,NA,NA,NA,NA,NA,NA,NA,NA,NA,NA,NA,1037,1023,14,74,949
"86","1950","42045D0270000",42,45,2143,2126,17,NA,NA,NA,0,NA,33270,577,NA,NA,NA,NA,NA,NA,NA,NA,NA,NA,NA,NA,598,572,26,152,420
"87","1950","42045D0280000",42,45,5464,5440,24,NA,NA,NA,0,NA,41710,1505,NA,NA,NA,NA,NA,NA,NA,NA,NA,NA,NA,NA,1533,1510,23,358,1152
"88","1950","42045D0290000",42,45,2539,271,2268,NA,NA,NA,0,NA,7290,579,NA,NA,NA,NA,NA,NA,NA,NA,NA,NA,NA,NA,590,580,10,252,328
"89","1950","42045D0300000",42,45,915,480,433,NA,NA,NA,2,NA,0,220,NA,NA,NA,NA,NA,NA,NA,NA,NA,NA,NA,NA,230,220,10,71,149
"90","1950","42045D0310000",42,45,8443,8435,6,NA,NA,NA,2,NA,35520,2367,NA,NA,NA,NA,NA,NA,NA,NA,NA,NA,NA,NA,2414,2361,53,614,1747
"91","1950","42045D0320000",42,45,3430,3430,0,NA,NA,NA,0,NA,43440,1004,NA,NA,NA,NA,NA,NA,NA,NA,NA,NA,NA,NA,1015,998,17,165,833
"92","1950","42045D0330000",42,45,7549,7546,2,NA,NA,NA,1,NA,39130,1937,NA,NA,NA,NA,NA,NA,NA,NA,NA,NA,NA,NA,1970,1939,31,338,1601
"93","1950","42045D0340000",42,45,1909,1892,16,NA,NA,NA,1,NA,0,529,NA,NA,NA,NA,NA,NA,NA,NA,NA,NA,NA,NA,543,536,7,157,379
"94","1950","42045D0350000",42,45,6450,6446,3,NA,NA,NA,1,NA,39130,1786,NA,NA,NA,NA,NA,NA,NA,NA,NA,NA,NA,NA,1817,1790,27,560,1230
"95","1950","42045D0360000",42,45,5246,5211,33,NA,NA,NA,2,NA,37620,1548,NA,NA,NA,NA,NA,NA,NA,NA,NA,NA,NA,NA,1579,1555,24,621,934
"96","1950","42045D0370000",42,45,5314,5308,2,NA,NA,NA,4,NA,33370,1335,NA,NA,NA,NA,NA,NA,NA,NA,NA,NA,NA,NA,1365,1345,20,542,803
"97","1950","42045D0380000",42,45,5834,5728,104,NA,NA,NA,2,NA,40170,1762,NA,NA,NA,NA,NA,NA,NA,NA,NA,NA,NA,NA,1790,1772,18,460,1312
"98","1950","42045D0390000",42,45,4921,4909,10,NA,NA,NA,2,NA,43150,1502,NA,NA,NA,NA,NA,NA,NA,NA,NA,NA,NA,NA,1545,1505,40,497,1008
"99","1950","42045D0400000",42,45,7212,7141,67,NA,NA,NA,4,NA,40060,1985,NA,NA,NA,NA,NA,NA,NA,NA,NA,NA,NA,NA,1996,1958,38,264,1694
"100","1950","42045D0410000",42,45,10000,9554,441,NA,NA,NA,5,NA,37660,2691,NA,NA,NA,NA,NA,NA,NA,NA,NA,NA,NA,NA,2723,2689,34,1171,1518
"101","1950","42045D0420000",42,45,919,919,0,NA,NA,NA,0,NA,0,259,NA,NA,NA,NA,NA,NA,NA,NA,NA,NA,NA,NA,266,262,4,53,209
"102","1950","42045D0430000",42,45,3014,3009,2,NA,NA,NA,3,NA,34680,819,NA,NA,NA,NA,NA,NA,NA,NA,NA,NA,NA,NA,834,817,17,326,491
"103","1950","42045D0440000",42,45,1285,1283,1,NA,NA,NA,1,NA,0,401,NA,NA,NA,NA,NA,NA,NA,NA,NA,NA,NA,NA,407,398,9,140,258
"104","1950","42045D0450000",42,45,3838,3836,2,NA,NA,NA,0,NA,38360,1138,NA,NA,NA,NA,NA,NA,NA,NA,NA,NA,NA,NA,1148,1138,10,205,933
"105","1950","42045D0460000",42,45,2010,2009,0,NA,NA,NA,1,NA,4320,568,NA,NA,NA,NA,NA,NA,NA,NA,NA,NA,NA,NA,592,583,9,66,517
"106","1950","42045D0470000",42,45,4588,4206,378,NA,NA,NA,4,NA,30420,1266,NA,NA,NA,NA,NA,NA,NA,NA,NA,NA,NA,NA,1304,1267,37,592,675
"107","1950","42045D0480000",42,45,4681,4677,4,NA,NA,NA,0,NA,32120,1267,NA,NA,NA,NA,NA,NA,NA,NA,NA,NA,NA,NA,1287,1266,21,442,824
"108","1950","42045D0490000",42,45,6642,6404,233,NA,NA,NA,5,NA,28570,1952,NA,NA,NA,NA,NA,NA,NA,NA,NA,NA,NA,NA,2046,1969,77,1226,743
"109","1950","42045D0500000",42,45,3743,3726,15,NA,NA,NA,2,NA,32160,1140,NA,NA,NA,NA,NA,NA,NA,NA,NA,NA,NA,NA,1171,1141,30,600,541
"110","1950","42045D0510000",42,45,3352,3183,169,NA,NA,NA,0,NA,32760,903,NA,NA,NA,NA,NA,NA,NA,NA,NA,NA,NA,NA,916,896,20,265,631
"111","1950","42045D0520000",42,45,4888,697,4188,NA,NA,NA,3,NA,24240,1187,NA,NA,NA,NA,NA,NA,NA,NA,NA,NA,NA,NA,1208,1194,14,807,387
"112","1950","42045D0530000",42,45,4428,4412,16,NA,NA,NA,0,NA,40090,1106,NA,NA,NA,NA,NA,NA,NA,NA,NA,NA,NA,NA,1128,1104,24,172,932
"113","1950","42045D0540000",42,45,4220,4217,1,NA,NA,NA,2,NA,37430,1143,NA,NA,NA,NA,NA,NA,NA,NA,NA,NA,NA,NA,1159,1142,17,650,492
"114","1950","42045D0550000",42,45,2891,2833,49,NA,NA,NA,9,NA,31040,706,NA,NA,NA,NA,NA,NA,NA,NA,NA,NA,NA,NA,721,711,10,318,393
"115","1950","42045D0560000",42,45,462,62,400,NA,NA,NA,0,NA,0,106,NA,NA,NA,NA,NA,NA,NA,NA,NA,NA,NA,NA,105,105,0,84,21
"116","1950","42045D0570000",42,45,5317,1888,3427,NA,NA,NA,2,NA,24130,1449,NA,NA,NA,NA,NA,NA,NA,NA,NA,NA,NA,NA,1474,1449,25,876,573
"117","1950","42045D0580000",42,45,10190,6323,3863,NA,NA,NA,4,NA,23600,2478,NA,NA,NA,NA,NA,NA,NA,NA,NA,NA,NA,NA,2516,2455,61,1617,838
"118","1950","42045D0590000",42,45,213,0,213,NA,NA,NA,0,NA,0,55,NA,NA,NA,NA,NA,NA,NA,NA,NA,NA,NA,NA,53,53,0,35,18
"119","1950","42045D0600000",42,45,3291,2418,871,NA,NA,NA,2,NA,21470,948,NA,NA,NA,NA,NA,NA,NA,NA,NA,NA,NA,NA,973,932,41,754,178
"120","1950","42045D0610000",42,45,1637,1637,0,NA,NA,NA,0,NA,42810,503,NA,NA,NA,NA,NA,NA,NA,NA,NA,NA,NA,NA,502,501,1,89,412
"121","1950","42045D0620000",42,45,1042,1040,2,NA,NA,NA,0,NA,0,288,NA,NA,NA,NA,NA,NA,NA,NA,NA,NA,NA,NA,289,288,1,66,222
"122","1950","42045D0630000",42,45,4081,3967,111,NA,NA,NA,3,NA,31840,1069,NA,NA,NA,NA,NA,NA,NA,NA,NA,NA,NA,NA,1098,1065,33,566,499
"123","1950","42045D0640000",42,45,3547,1080,2465,NA,NA,NA,2,NA,25240,820,NA,NA,NA,NA,NA,NA,NA,NA,NA,NA,NA,NA,839,824,15,526,298
"124","1950","42045D0650000",42,45,2001,2000,1,NA,NA,NA,0,NA,32500,550,NA,NA,NA,NA,NA,NA,NA,NA,NA,NA,NA,NA,566,549,17,159,390
"125","1950","42045D0660000",42,45,3843,3823,17,NA,NA,NA,3,NA,33900,1013,NA,NA,NA,NA,NA,NA,NA,NA,NA,NA,NA,NA,1025,1013,12,418,595
"126","1950","42045D0670000",42,45,2938,2777,161,NA,NA,NA,0,NA,33950,812,NA,NA,NA,NA,NA,NA,NA,NA,NA,NA,NA,NA,826,809,17,238,571
"127","1950","42045D0680000",42,45,6997,6149,847,NA,NA,NA,1,NA,36040,1820,NA,NA,NA,NA,NA,NA,NA,NA,NA,NA,NA,NA,1878,1825,53,404,1421
"128","1950","42045D0690000",42,45,5576,5557,19,NA,NA,NA,0,NA,36530,1427,NA,NA,NA,NA,NA,NA,NA,NA,NA,NA,NA,NA,1466,1418,48,275,1143
"129","1950","42045D0700000",42,45,474,436,38,NA,NA,NA,0,NA,0,100,NA,NA,NA,NA,NA,NA,NA,NA,NA,NA,NA,NA,195,97,98,44,53
"130","1950","42045D0710000",42,45,2009,1971,38,NA,NA,NA,0,NA,40000,579,NA,NA,NA,NA,NA,NA,NA,NA,NA,NA,NA,NA,608,579,29,117,462
"131","1950","42045D0720000",42,45,4029,3805,223,NA,NA,NA,1,NA,25830,617,NA,NA,NA,NA,NA,NA,NA,NA,NA,NA,NA,NA,640,620,20,226,394
"132","1950","42045D0730000",42,45,498,485,13,NA,NA,NA,0,NA,0,137,NA,NA,NA,NA,NA,NA,NA,NA,NA,NA,NA,NA,139,139,0,39,100
"133","1950","42045D0740000",42,45,6173,5646,527,NA,NA,NA,0,NA,43200,1622,NA,NA,NA,NA,NA,NA,NA,NA,NA,NA,NA,NA,1679,1630,49,507,1123
"134","1950","42045D0750000",42,45,5726,4986,737,NA,NA,NA,3,NA,34940,1715,NA,NA,NA,NA,NA,NA,NA,NA,NA,NA,NA,NA,1765,1719,46,698,1021
"135","1950","42045D0760000",42,45,4825,4625,188,NA,NA,NA,12,NA,28850,1244,NA,NA,NA,NA,NA,NA,NA,NA,NA,NA,NA,NA,1264,1236,28,397,839
"136","1950","42045D0770000",42,45,1352,591,761,NA,NA,NA,0,NA,0,314,NA,NA,NA,NA,NA,NA,NA,NA,NA,NA,NA,NA,321,314,7,89,225
"137","1950","42045D0780000",42,45,10917,10830,85,NA,NA,NA,2,NA,50680,2961,NA,NA,NA,NA,NA,NA,NA,NA,NA,NA,NA,NA,3040,2953,87,265,2688
"138","1950","42045D0790000",42,45,3598,3331,263,NA,NA,NA,4,NA,39220,1009,NA,NA,NA,NA,NA,NA,NA,NA,NA,NA,NA,NA,1071,1002,69,221,781
"139","1950","42045D0800000",42,45,1605,1562,42,NA,NA,NA,1,NA,0,473,NA,NA,NA,NA,NA,NA,NA,NA,NA,NA,NA,NA,506,473,33,89,384
"140","1950","42045D0810000",42,45,3174,3149,14,NA,NA,NA,11,NA,45450,901,NA,NA,NA,NA,NA,NA,NA,NA,NA,NA,NA,NA,923,900,23,121,779
"141","1950","42045D0820000",42,45,1763,1347,415,NA,NA,NA,1,NA,0,395,NA,NA,NA,NA,NA,NA,NA,NA,NA,NA,NA,NA,404,392,12,116,276
"142","1950","42045D0830000",42,45,1909,1805,102,NA,NA,NA,2,NA,18270,416,NA,NA,NA,NA,NA,NA,NA,NA,NA,NA,NA,NA,453,414,39,96,318
"143","1950","42045D0840000",42,45,194,184,10,NA,NA,NA,0,NA,0,51,NA,NA,NA,NA,NA,NA,NA,NA,NA,NA,NA,NA,55,50,5,25,25
"144","1950","42045D0850000",42,45,2299,2298,0,NA,NA,NA,1,NA,47030,627,NA,NA,NA,NA,NA,NA,NA,NA,NA,NA,NA,NA,633,627,6,43,584
"145","1950","42045D0860000",42,45,2215,2210,5,NA,NA,NA,0,NA,50000,623,NA,NA,NA,NA,NA,NA,NA,NA,NA,NA,NA,NA,638,626,12,105,521
"146","1950","42045D0870000",42,45,4237,4221,15,NA,NA,NA,1,NA,54860,1206,NA,NA,NA,NA,NA,NA,NA,NA,NA,NA,NA,NA,1240,1207,33,137,1070
"147","1950","42045D0880000",42,45,5740,5519,218,NA,NA,NA,3,NA,42230,1525,NA,NA,NA,NA,NA,NA,NA,NA,NA,NA,NA,NA,1567,1539,28,195,1344
"148","1950","42045D0890000",42,45,2940,2936,4,NA,NA,NA,0,NA,58680,836,NA,NA,NA,NA,NA,NA,NA,NA,NA,NA,NA,NA,862,838,24,43,795
"149","1950","42045D0900000",42,45,2191,2188,3,NA,NA,NA,0,NA,46070,630,NA,NA,NA,NA,NA,NA,NA,NA,NA,NA,NA,NA,642,633,9,133,500
"150","1950","42045D0910000",42,45,4773,4770,3,NA,NA,NA,0,NA,53250,1360,NA,NA,NA,NA,NA,NA,NA,NA,NA,NA,NA,NA,1374,1357,17,141,1216
"151","1950","42045D0920000",42,45,4474,4471,3,NA,NA,NA,0,NA,44830,1204,NA,NA,NA,NA,NA,NA,NA,NA,NA,NA,NA,NA,1230,1204,26,108,1096
"152","1950","42045D0930000",42,45,2184,2176,3,NA,NA,NA,5,NA,54720,641,NA,NA,NA,NA,NA,NA,NA,NA,NA,NA,NA,NA,655,640,15,58,582
"153","1950","42045D0940000",42,45,1833,1832,0,NA,NA,NA,1,NA,56790,524,NA,NA,NA,NA,NA,NA,NA,NA,NA,NA,NA,NA,524,523,1,20,503
"154","1950","42045D0950000",42,45,2889,2880,7,NA,NA,NA,2,NA,56900,786,NA,NA,NA,NA,NA,NA,NA,NA,NA,NA,NA,NA,847,784,63,39,745
"155","1950","42045D0960000",42,45,3740,3447,291,NA,NA,NA,2,NA,35180,954,NA,NA,NA,NA,NA,NA,NA,NA,NA,NA,NA,NA,967,950,17,244,706
"156","1950","42045D0970000",42,45,2934,2870,59,NA,NA,NA,5,NA,7310,450,NA,NA,NA,NA,NA,NA,NA,NA,NA,NA,NA,NA,481,457,24,135,322
"157","1950","42045D0980000",42,45,8035,7699,332,NA,NA,NA,4,NA,36350,2289,NA,NA,NA,NA,NA,NA,NA,NA,NA,NA,NA,NA,2342,2287,55,867,1420
"158","1950","42045D0990000",42,45,3518,3465,53,NA,NA,NA,0,NA,38170,899,NA,NA,NA,NA,NA,NA,NA,NA,NA,NA,NA,NA,934,891,43,208,683
"159","1950","42045D1000000",42,45,1048,945,102,NA,NA,NA,1,NA,0,203,NA,NA,NA,NA,NA,NA,NA,NA,NA,NA,NA,NA,240,204,36,81,123
"160","1950","42045D1010000",42,45,2101,1387,714,NA,NA,NA,0,NA,12500,311,NA,NA,NA,NA,NA,NA,NA,NA,NA,NA,NA,NA,338,310,28,112,198
"161","1950","42045D1020000",42,45,836,746,89,NA,NA,NA,1,NA,0,230,NA,NA,NA,NA,NA,NA,NA,NA,NA,NA,NA,NA,242,231,11,114,117
"162","1950","42045D1030000",42,45,1945,1766,179,NA,NA,NA,0,NA,31530,524,NA,NA,NA,NA,NA,NA,NA,NA,NA,NA,NA,NA,528,521,7,189,332
"163","1950","42045D1040000",42,45,1283,1259,23,NA,NA,NA,1,NA,0,338,NA,NA,NA,NA,NA,NA,NA,NA,NA,NA,NA,NA,346,335,11,93,242
"164","1950","42091M0010000",42,91,2245,2140,105,NA,NA,NA,0,NA,35830,620,NA,NA,NA,NA,NA,NA,NA,NA,NA,NA,NA,NA,627,622,5,146,476
"165","1950","42091M0020000",42,91,913,884,29,NA,NA,NA,0,NA,0,220,NA,NA,NA,NA,NA,NA,NA,NA,NA,NA,NA,NA,221,219,2,84,135
"166","1950","42091M0030000",42,91,8936,8781,144,NA,NA,NA,11,NA,36840,2561,NA,NA,NA,NA,NA,NA,NA,NA,NA,NA,NA,NA,2587,2553,34,496,2057
"167","1950","42091M0040000",42,91,4788,4778,10,NA,NA,NA,0,NA,37810,1392,NA,NA,NA,NA,NA,NA,NA,NA,NA,NA,NA,NA,1419,1386,33,275,1111
"168","1950","42091M0050000",42,91,3663,3591,72,NA,NA,NA,0,NA,32120,1073,NA,NA,NA,NA,NA,NA,NA,NA,NA,NA,NA,NA,1143,1065,78,256,809
"169","1950","42091M0060000",42,91,1566,1557,1,NA,NA,NA,8,NA,0,435,NA,NA,NA,NA,NA,NA,NA,NA,NA,NA,NA,NA,464,439,25,103,336
"170","1950","42091M0070000",42,91,3101,3094,7,NA,NA,NA,0,NA,34900,883,NA,NA,NA,NA,NA,NA,NA,NA,NA,NA,NA,NA,934,893,41,173,720
"171","1950","42091M0080000",42,91,1624,1623,0,NA,NA,NA,1,NA,0,451,NA,NA,NA,NA,NA,NA,NA,NA,NA,NA,NA,NA,461,448,13,147,301
"172","1950","42091M0090000",42,91,9762,9729,15,NA,NA,NA,18,NA,36310,2859,NA,NA,NA,NA,NA,NA,NA,NA,NA,NA,NA,NA,2909,2858,51,919,1939
"173","1950","42091M0100000",42,91,2164,2104,60,NA,NA,NA,0,NA,30830,598,NA,NA,NA,NA,NA,NA,NA,NA,NA,NA,NA,NA,626,600,26,160,440
"174","1950","42091M0110000",42,91,2998,2959,36,NA,NA,NA,3,NA,37340,871,NA,NA,NA,NA,NA,NA,NA,NA,NA,NA,NA,NA,879,869,10,276,593
"175","1950","42091M0120000",42,91,2475,1983,492,NA,NA,NA,0,NA,37270,658,NA,NA,NA,NA,NA,NA,NA,NA,NA,NA,NA,NA,691,662,29,190,472
"176","1950","42091M0130000",42,91,4565,3995,570,NA,NA,NA,0,NA,28230,1208,NA,NA,NA,NA,NA,NA,NA,NA,NA,NA,NA,NA,1214,1207,7,502,705
"177","1950","42091M0140000",42,91,6637,5754,880,NA,NA,NA,3,NA,39750,1650,NA,NA,NA,NA,NA,NA,NA,NA,NA,NA,NA,NA,1695,1648,47,419,1229
"178","1950","42091M0150000",42,91,797,769,26,NA,NA,NA,2,NA,0,168,NA,NA,NA,NA,NA,NA,NA,NA,NA,NA,NA,NA,183,170,13,37,133
"179","1950","42091M0160000",42,91,10764,9277,1480,NA,NA,NA,7,NA,35050,2797,NA,NA,NA,NA,NA,NA,NA,NA,NA,NA,NA,NA,2852,2795,57,422,2373
"180","1950","42091M0170000",42,91,10941,10869,70,NA,NA,NA,2,NA,43350,3120,NA,NA,NA,NA,NA,NA,NA,NA,NA,NA,NA,NA,3160,3114,46,412,2702
"181","1950","42091M0180000",42,91,1734,1696,36,NA,NA,NA,2,NA,50000,535,NA,NA,NA,NA,NA,NA,NA,NA,NA,NA,NA,NA,538,535,3,182,353
"182","1950","42091M0190000",42,91,4752,4530,218,NA,NA,NA,4,NA,40170,1272,NA,NA,NA,NA,NA,NA,NA,NA,NA,NA,NA,NA,1280,1261,19,120,1141
"183","1950","42091M0200000",42,91,2261,2258,1,NA,NA,NA,2,NA,32650,696,NA,NA,NA,NA,NA,NA,NA,NA,NA,NA,NA,NA,717,694,23,162,532
"184","1950","42091M0210000",42,91,5130,4858,269,NA,NA,NA,3,NA,26630,1438,NA,NA,NA,NA,NA,NA,NA,NA,NA,NA,NA,NA,1439,1415,24,430,985
"185","1950","42091M0220000",42,91,4557,4550,4,NA,NA,NA,3,NA,42080,1250,NA,NA,NA,NA,NA,NA,NA,NA,NA,NA,NA,NA,1271,1250,21,189,1061
"186","1950","42091M0230000",42,91,5114,4971,141,NA,NA,NA,2,NA,55230,1465,NA,NA,NA,NA,NA,NA,NA,NA,NA,NA,NA,NA,1491,1467,24,281,1186
"187","1950","42091M0240000",42,91,5349,4718,630,NA,NA,NA,1,NA,51320,1584,NA,NA,NA,NA,NA,NA,NA,NA,NA,NA,NA,NA,1666,1579,87,550,1029
"188","1950","42091M0250000",42,91,975,947,10,NA,NA,NA,18,NA,0,234,NA,NA,NA,NA,NA,NA,NA,NA,NA,NA,NA,NA,232,232,0,32,200
"189","1950","42091M0260000",42,91,6859,6716,140,NA,NA,NA,3,NA,46520,1868,NA,NA,NA,NA,NA,NA,NA,NA,NA,NA,NA,NA,1880,1834,46,343,1491
"190","1950","42091M0270000",42,91,3996,3993,2,NA,NA,NA,1,NA,45310,1102,NA,NA,NA,NA,NA,NA,NA,NA,NA,NA,NA,NA,1097,1090,7,42,1048
"191","1950","42091M0280000",42,91,3385,3373,12,NA,NA,NA,0,NA,39610,950,NA,NA,NA,NA,NA,NA,NA,NA,NA,NA,NA,NA,967,928,39,190,738
"192","1950","42091M0290000",42,91,4022,3991,31,NA,NA,NA,0,NA,43750,982,NA,NA,NA,NA,NA,NA,NA,NA,NA,NA,NA,NA,968,958,10,127,831
"193","1950","42091M0300000",42,91,1328,1318,10,NA,NA,NA,0,NA,0,357,NA,NA,NA,NA,NA,NA,NA,NA,NA,NA,NA,NA,364,355,9,138,217
"194","1950","42091M0310000",42,91,4649,4598,51,NA,NA,NA,0,NA,38650,1223,NA,NA,NA,NA,NA,NA,NA,NA,NA,NA,NA,NA,1240,1216,24,313,903
"195","1950","42091M0320000",42,91,3063,2775,288,NA,NA,NA,0,NA,29380,805,NA,NA,NA,NA,NA,NA,NA,NA,NA,NA,NA,NA,840,793,47,310,483
"196","1950","42091M0330000",42,91,2987,2830,157,NA,NA,NA,0,NA,40360,848,NA,NA,NA,NA,NA,NA,NA,NA,NA,NA,NA,NA,873,846,27,149,697
"197","1950","42091M0340000",42,91,4879,4777,101,NA,NA,NA,1,NA,34470,1095,NA,NA,NA,NA,NA,NA,NA,NA,NA,NA,NA,NA,1139,1102,37,235,867
"198","1950","42091M0350000",42,91,3372,2642,730,NA,NA,NA,0,NA,29580,771,NA,NA,NA,NA,NA,NA,NA,NA,NA,NA,NA,NA,774,773,1,277,496
"199","1950","42091M0360000",42,91,8651,7582,1068,NA,NA,NA,1,NA,31370,2259,NA,NA,NA,NA,NA,NA,NA,NA,NA,NA,NA,NA,2293,2277,16,513,1764
"200","1950","42091M0370000",42,91,3589,3374,213,NA,NA,NA,2,NA,0,22,NA,NA,NA,NA,NA,NA,NA,NA,NA,NA,NA,NA,19,19,0,14,5
"201","1950","42091M0380000",42,91,11695,11670,25,NA,NA,NA,0,NA,33260,3274,NA,NA,NA,NA,NA,NA,NA,NA,NA,NA,NA,NA,3365,3333,32,1241,2092
"202","1950","42091M0390000",42,91,10819,9759,1053,NA,NA,NA,7,NA,27030,2706,NA,NA,NA,NA,NA,NA,NA,NA,NA,NA,NA,NA,2729,2681,48,1386,1295
"203","1950","42091M0400000",42,91,5118,4956,162,NA,NA,NA,0,NA,35680,1288,NA,NA,NA,NA,NA,NA,NA,NA,NA,NA,NA,NA,1432,1284,148,312,972
"204","1950","42091M0410000",42,91,10922,10434,485,NA,NA,NA,3,NA,34110,2714,NA,NA,NA,NA,NA,NA,NA,NA,NA,NA,NA,NA,2717,2686,31,725,1961
"205","1950","42091M0420000",42,91,2482,2431,51,NA,NA,NA,0,NA,33680,584,NA,NA,NA,NA,NA,NA,NA,NA,NA,NA,NA,NA,594,582,12,167,415
"206","1950","42091M0430000",42,91,2323,2296,27,NA,NA,NA,0,NA,43750,670,NA,NA,NA,NA,NA,NA,NA,NA,NA,NA,NA,NA,657,656,1,238,418
"207","1950","42091M0440000",42,91,3176,3139,37,NA,NA,NA,0,NA,53440,899,NA,NA,NA,NA,NA,NA,NA,NA,NA,NA,NA,NA,902,897,5,172,725
"208","1950","42091M0450000",42,91,4757,4643,108,NA,NA,NA,6,NA,66940,1360,NA,NA,NA,NA,NA,NA,NA,NA,NA,NA,NA,NA,1382,1357,25,350,1007
"209","1950","42091M0460000",42,91,3596,3524,69,NA,NA,NA,3,NA,64500,936,NA,NA,NA,NA,NA,NA,NA,NA,NA,NA,NA,NA,963,933,30,84,849
"210","1950","42091M0470000",42,91,3289,3227,61,NA,NA,NA,1,NA,43410,807,NA,NA,NA,NA,NA,NA,NA,NA,NA,NA,NA,NA,834,808,26,182,626
"211","1950","42091M0480000",42,91,2280,2218,62,NA,NA,NA,0,NA,35630,548,NA,NA,NA,NA,NA,NA,NA,NA,NA,NA,NA,NA,563,541,22,162,379
"212","1950","42091M0490000",42,91,1941,1844,93,NA,NA,NA,4,NA,17260,405,NA,NA,NA,NA,NA,NA,NA,NA,NA,NA,NA,NA,417,401,16,115,286
"213","1950","42091M0500000",42,91,2735,2228,495,NA,NA,NA,12,NA,3990,544,NA,NA,NA,NA,NA,NA,NA,NA,NA,NA,NA,NA,540,534,6,282,252
"214","1950","42091M0510000",42,91,2718,2627,91,NA,NA,NA,0,NA,20970,734,NA,NA,NA,NA,NA,NA,NA,NA,NA,NA,NA,NA,737,724,13,373,351
"215","1950","42091M0520000",42,91,2623,2479,142,NA,NA,NA,2,NA,22730,824,NA,NA,NA,NA,NA,NA,NA,NA,NA,NA,NA,NA,854,817,37,374,443
"216","1950","42091M0530000",42,91,2814,2132,682,NA,NA,NA,0,NA,27190,738,NA,NA,NA,NA,NA,NA,NA,NA,NA,NA,NA,NA,751,740,11,391,349
"217","1950","42091M0540000",42,91,5454,5341,112,NA,NA,NA,1,NA,55830,1641,NA,NA,NA,NA,NA,NA,NA,NA,NA,NA,NA,NA,1667,1644,23,730,914
"218","1950","42091M0550000",42,91,11039,10328,707,NA,NA,NA,4,NA,42570,3143,NA,NA,NA,NA,NA,NA,NA,NA,NA,NA,NA,NA,3124,3090,34,802,2288
"219","1950","42091M0560000",42,91,5407,5388,18,NA,NA,NA,1,NA,45320,1713,NA,NA,NA,NA,NA,NA,NA,NA,NA,NA,NA,NA,1725,1715,10,634,1081
"220","1950","42091M0570000",42,91,5827,5781,46,NA,NA,NA,0,NA,26170,1306,NA,NA,NA,NA,NA,NA,NA,NA,NA,NA,NA,NA,1316,1306,10,431,875
"221","1950","42091M0580000",42,91,3421,3370,51,NA,NA,NA,0,NA,39380,842,NA,NA,NA,NA,NA,NA,NA,NA,NA,NA,NA,NA,862,845,17,268,577
"222","1950","42091M0590000",42,91,2983,2840,141,NA,NA,NA,2,NA,34170,723,NA,NA,NA,NA,NA,NA,NA,NA,NA,NA,NA,NA,796,720,76,225,495
"223","1950","42091M0600000",42,91,5887,5848,38,NA,NA,NA,1,NA,33360,1454,NA,NA,NA,NA,NA,NA,NA,NA,NA,NA,NA,NA,1599,1452,147,391,1061
"224","1950","42091M0610000",42,91,4486,4411,74,NA,NA,NA,1,NA,30740,1133,NA,NA,NA,NA,NA,NA,NA,NA,NA,NA,NA,NA,1172,1130,42,314,816
"225","1950","42091M0620000",42,91,3862,3861,1,NA,NA,NA,0,NA,35870,1160,NA,NA,NA,NA,NA,NA,NA,NA,NA,NA,NA,NA,1185,1159,26,399,760
"226","1950","42091M0630000",42,91,1900,1896,3,NA,NA,NA,1,NA,8450,363,NA,NA,NA,NA,NA,NA,NA,NA,NA,NA,NA,NA,375,360,15,146,214
"227","1950","42091M0640000",42,91,773,772,1,NA,NA,NA,0,NA,0,230,NA,NA,NA,NA,NA,NA,NA,NA,NA,NA,NA,NA,245,230,15,67,163
"228","1950","42091M0650000",42,91,1211,1210,1,NA,NA,NA,0,NA,0,344,NA,NA,NA,NA,NA,NA,NA,NA,NA,NA,NA,NA,380,341,39,135,206
"229","1950","42091M0660000",42,91,563,563,0,NA,NA,NA,0,NA,0,165,NA,NA,NA,NA,NA,NA,NA,NA,NA,NA,NA,NA,171,166,5,78,88
"230","1950","42091M0670000",42,91,3843,3018,824,NA,NA,NA,1,NA,31500,534,NA,NA,NA,NA,NA,NA,NA,NA,NA,NA,NA,NA,613,530,83,158,372
"231","1950","42091M0680000",42,91,1939,1929,10,NA,NA,NA,0,NA,0,546,NA,NA,NA,NA,NA,NA,NA,NA,NA,NA,NA,NA,543,540,3,148,392
"232","1950","42091M0690000",42,91,1604,1604,0,NA,NA,NA,0,NA,0,429,NA,NA,NA,NA,NA,NA,NA,NA,NA,NA,NA,NA,482,430,52,139,291
"233","1950","42091M0700000",42,91,2290,2290,0,NA,NA,NA,0,NA,27190,603,NA,NA,NA,NA,NA,NA,NA,NA,NA,NA,NA,NA,611,599,12,174,425
"234","1950","42091M0710000",42,91,2774,2770,4,NA,NA,NA,0,NA,31390,697,NA,NA,NA,NA,NA,NA,NA,NA,NA,NA,NA,NA,714,695,19,208,487
"235","1950","42091M0720000",42,91,4521,4516,3,NA,NA,NA,2,NA,37380,1360,NA,NA,NA,NA,NA,NA,NA,NA,NA,NA,NA,NA,1371,1361,10,413,948
"236","1950","42091M0730000",42,91,1514,1513,1,NA,NA,NA,0,NA,0,425,NA,NA,NA,NA,NA,NA,NA,NA,NA,NA,NA,NA,434,419,15,117,302
"237","1950","42091M0740000",42,91,794,794,0,NA,NA,NA,0,NA,0,223,NA,NA,NA,NA,NA,NA,NA,NA,NA,NA,NA,NA,245,222,23,63,159
"238","1950","42091M0750000",42,91,1119,1109,10,NA,NA,NA,0,NA,0,317,NA,NA,NA,NA,NA,NA,NA,NA,NA,NA,NA,NA,348,317,31,95,222
"239","1950","42091M0760000",42,91,1432,1430,0,NA,NA,NA,2,NA,19170,364,NA,NA,NA,NA,NA,NA,NA,NA,NA,NA,NA,NA,383,361,22,119,242
"240","1950","42091M0770000",42,91,550,549,1,NA,NA,NA,0,NA,0,149,NA,NA,NA,NA,NA,NA,NA,NA,NA,NA,NA,NA,149,147,2,57,90
"241","1950","42091M0780000",42,91,1762,1761,1,NA,NA,NA,0,NA,0,462,NA,NA,NA,NA,NA,NA,NA,NA,NA,NA,NA,NA,489,461,28,148,313
"242","1950","42091M0790000",42,91,914,912,1,NA,NA,NA,1,NA,0,282,NA,NA,NA,NA,NA,NA,NA,NA,NA,NA,NA,NA,287,284,3,91,193
"243","1950","42091M0800000",42,91,1625,1625,0,NA,NA,NA,0,NA,29770,519,NA,NA,NA,NA,NA,NA,NA,NA,NA,NA,NA,NA,529,513,16,195,318
"244","1950","42091M0810000",42,91,1945,1944,0,NA,NA,NA,1,NA,33960,579,NA,NA,NA,NA,NA,NA,NA,NA,NA,NA,NA,NA,596,581,15,191,390
"245","1950","42091M0820000",42,91,2046,2046,0,NA,NA,NA,0,NA,28390,552,NA,NA,NA,NA,NA,NA,NA,NA,NA,NA,NA,NA,564,547,17,132,415
"246","1950","42091M0830000",42,91,1745,1737,8,NA,NA,NA,0,NA,31910,461,NA,NA,NA,NA,NA,NA,NA,NA,NA,NA,NA,NA,527,462,65,120,342
"247","1950","42091M0840000",42,91,891,882,9,NA,NA,NA,0,NA,0,228,NA,NA,NA,NA,NA,NA,NA,NA,NA,NA,NA,NA,230,227,3,73,154
"248","1950","42091M0850000",42,91,1620,1619,1,NA,NA,NA,0,NA,0,437,NA,NA,NA,NA,NA,NA,NA,NA,NA,NA,NA,NA,545,429,116,139,290
"249","1950","42091M0860000",42,91,3290,3264,26,NA,NA,NA,0,NA,30730,871,NA,NA,NA,NA,NA,NA,NA,NA,NA,NA,NA,NA,892,865,27,254,611
"250","1950","42091M0870000",42,91,3389,3250,135,NA,NA,NA,4,NA,33170,964,NA,NA,NA,NA,NA,NA,NA,NA,NA,NA,NA,NA,1025,965,60,401,564
"251","1950","42091M0880000",42,91,5325,5237,88,NA,NA,NA,0,NA,29220,1511,NA,NA,NA,NA,NA,NA,NA,NA,NA,NA,NA,NA,1514,1508,6,528,980
"252","1950","42091M0890000",42,91,16248,15603,644,NA,NA,NA,1,NA,33140,4865,NA,NA,NA,NA,NA,NA,NA,NA,NA,NA,NA,NA,4891,4828,63,1763,3065
"253","1950","42091M0900000",42,91,1016,904,112,NA,NA,NA,0,NA,0,255,NA,NA,NA,NA,NA,NA,NA,NA,NA,NA,NA,NA,260,253,7,144,109
"254","1950","42091M0910000",42,91,1173,1158,15,NA,NA,NA,0,NA,0,334,NA,NA,NA,NA,NA,NA,NA,NA,NA,NA,NA,NA,338,333,5,71,262
"255","1950","42091M0920000",42,91,3007,2914,93,NA,NA,NA,0,NA,31250,788,NA,NA,NA,NA,NA,NA,NA,NA,NA,NA,NA,NA,811,790,21,190,600
"256","1950","4210100101000",42,101,589,582,7,NA,NA,NA,0,NA,0,140,NA,NA,NA,NA,NA,NA,NA,NA,NA,NA,NA,NA,147,140,7,79,61
"257","1950","4210100102000",42,101,15014,14823,185,NA,NA,NA,6,NA,27100,4097,NA,NA,NA,NA,NA,NA,NA,NA,NA,NA,NA,NA,4160,4052,108,1854,2198
"258","1950","4210100103000",42,101,16890,16703,183,NA,NA,NA,4,NA,28940,4356,NA,NA,NA,NA,NA,NA,NA,NA,NA,NA,NA,NA,4442,4355,87,1554,2801
"259","1950","4210100201000",42,101,9323,6346,2973,NA,NA,NA,4,NA,20860,2563,NA,NA,NA,NA,NA,NA,NA,NA,NA,NA,NA,NA,2608,2554,54,1682,872
"260","1950","4210100202000",42,101,9413,8614,795,NA,NA,NA,4,NA,24690,2436,NA,NA,NA,NA,NA,NA,NA,NA,NA,NA,NA,NA,2555,2438,117,1305,1133
"261","1950","4210100203000",42,101,1616,614,1002,NA,NA,NA,0,NA,14670,448,NA,NA,NA,NA,NA,NA,NA,NA,NA,NA,NA,NA,469,449,20,366,83
"262","1950","4210100301000",42,101,10012,7734,2276,NA,NA,NA,2,NA,21270,2861,NA,NA,NA,NA,NA,NA,NA,NA,NA,NA,NA,NA,2948,2853,95,1915,938
"263","1950","4210100302000",42,101,2256,573,1682,NA,NA,NA,1,NA,11250,610,NA,NA,NA,NA,NA,NA,NA,NA,NA,NA,NA,NA,670,608,62,496,112
"264","1950","4210100401000",42,101,8075,5558,2500,NA,NA,NA,17,NA,16320,2362,NA,NA,NA,NA,NA,NA,NA,NA,NA,NA,NA,NA,2403,2341,62,1747,594
"265","1950","4210100402000",42,101,1979,182,1794,NA,NA,NA,3,NA,6950,724,NA,NA,NA,NA,NA,NA,NA,NA,NA,NA,NA,NA,756,740,16,690,50
"266","1950","4210100501000",42,101,6982,5619,1354,NA,NA,NA,9,NA,18060,1893,NA,NA,NA,NA,NA,NA,NA,NA,NA,NA,NA,NA,1965,1885,80,1521,364
"267","1950","4210100601000",42,101,1031,743,286,NA,NA,NA,2,NA,10000,205,NA,NA,NA,NA,NA,NA,NA,NA,NA,NA,NA,NA,216,205,11,165,40
"268","1950","4210100701000",42,101,5913,5484,394,NA,NA,NA,35,NA,19950,2311,NA,NA,NA,NA,NA,NA,NA,NA,NA,NA,NA,NA,2444,2303,141,2127,176
"269","1950","4210100702000",42,101,5469,1180,4262,NA,NA,NA,27,NA,7740,1874,NA,NA,NA,NA,NA,NA,NA,NA,NA,NA,NA,NA,1899,1874,25,1740,134
"270","1950","4210100703000",42,101,4171,3993,174,NA,NA,NA,4,NA,27100,1883,NA,NA,NA,NA,NA,NA,NA,NA,NA,NA,NA,NA,2085,1915,170,1463,452
"271","1950","4210100704000",42,101,6188,2041,4124,NA,NA,NA,23,NA,16200,1750,NA,NA,NA,NA,NA,NA,NA,NA,NA,NA,NA,NA,1780,1748,32,1453,295
"272","1950","4210100801000",42,101,2707,2665,40,NA,NA,NA,2,NA,29230,1038,NA,NA,NA,NA,NA,NA,NA,NA,NA,NA,NA,NA,975,939,36,858,81
"273","1950","4210100802000",42,101,9401,8987,350,NA,NA,NA,64,NA,24550,3678,NA,NA,NA,NA,NA,NA,NA,NA,NA,NA,NA,NA,4005,3670,335,3201,469
"274","1950","4210100901000",42,101,335,323,8,NA,NA,NA,4,NA,0,53,NA,NA,NA,NA,NA,NA,NA,NA,NA,NA,NA,NA,54,42,12,38,4
"275","1950","4210100902000",42,101,1323,1311,8,NA,NA,NA,4,NA,19380,426,NA,NA,NA,NA,NA,NA,NA,NA,NA,NA,NA,NA,412,395,17,348,47
"276","1950","4210101001000",42,101,3838,3178,305,NA,NA,NA,355,NA,9290,413,NA,NA,NA,NA,NA,NA,NA,NA,NA,NA,NA,NA,426,403,23,321,82
"277","1950","4210101002000",42,101,4434,4306,99,NA,NA,NA,29,NA,14920,960,NA,NA,NA,NA,NA,NA,NA,NA,NA,NA,NA,NA,1020,959,61,793,166
"278","1950","4210101101000",42,101,1986,1536,448,NA,NA,NA,2,NA,19060,565,NA,NA,NA,NA,NA,NA,NA,NA,NA,NA,NA,NA,569,561,8,421,140
"279","1950","4210101102000",42,101,968,520,447,NA,NA,NA,1,NA,0,269,NA,NA,NA,NA,NA,NA,NA,NA,NA,NA,NA,NA,299,270,29,229,41
"280","1950","4210101201000",42,101,3823,2709,1106,NA,NA,NA,8,NA,19670,1117,NA,NA,NA,NA,NA,NA,NA,NA,NA,NA,NA,NA,1153,1109,44,859,250
"281","1950","4210101202000",42,101,2142,1478,652,NA,NA,NA,12,NA,17830,546,NA,NA,NA,NA,NA,NA,NA,NA,NA,NA,NA,NA,566,544,22,394,150
"282","1950","4210101301000",42,101,8006,2662,5321,NA,NA,NA,23,NA,11990,2405,NA,NA,NA,NA,NA,NA,NA,NA,NA,NA,NA,NA,2490,2368,122,2105,263
"283","1950","4210101302000",42,101,5300,2734,2538,NA,NA,NA,28,NA,7530,1301,NA,NA,NA,NA,NA,NA,NA,NA,NA,NA,NA,NA,1369,1304,65,1132,172
"284","1950","4210101401000",42,101,11853,2596,9241,NA,NA,NA,16,NA,12120,3119,NA,NA,NA,NA,NA,NA,NA,NA,NA,NA,NA,NA,3237,3130,107,2853,277
"285","1950","4210101402000",42,101,2322,1941,363,NA,NA,NA,18,NA,14840,575,NA,NA,NA,NA,NA,NA,NA,NA,NA,NA,NA,NA,602,579,23,462,117
"286","1950","4210101501000",42,101,16737,14142,2550,NA,NA,NA,45,NA,18710,5522,NA,NA,NA,NA,NA,NA,NA,NA,NA,NA,NA,NA,5838,5522,316,4648,874
"287","1950","4210101502000",42,101,2655,2310,339,NA,NA,NA,6,NA,18940,739,NA,NA,NA,NA,NA,NA,NA,NA,NA,NA,NA,NA,794,743,51,631,112
"288","1950","4210101503000",42,101,9726,6584,3127,NA,NA,NA,15,NA,23280,2492,NA,NA,NA,NA,NA,NA,NA,NA,NA,NA,NA,NA,2569,2455,114,1605,850
"289","1950","4210101504000",42,101,10764,10693,63,NA,NA,NA,8,NA,31790,3179,NA,NA,NA,NA,NA,NA,NA,NA,NA,NA,NA,NA,3288,3177,111,1638,1539
"290","1950","4210101505000",42,101,5,5,0,NA,NA,NA,0,NA,0,1,NA,NA,NA,NA,NA,NA,NA,NA,NA,NA,NA,NA,0,0,0,0,0
"291","1950","4210101601000",42,101,7681,6991,664,NA,NA,NA,26,NA,24390,2206,NA,NA,NA,NA,NA,NA,NA,NA,NA,NA,NA,NA,2327,2203,124,1457,746
"292","1950","4210101701000",42,101,9635,9331,283,NA,NA,NA,21,NA,23940,2773,NA,NA,NA,NA,NA,NA,NA,NA,NA,NA,NA,NA,2862,2752,110,1809,943
"293","1950","4210101801000",42,101,4253,4249,2,NA,NA,NA,2,NA,27290,1169,NA,NA,NA,NA,NA,NA,NA,NA,NA,NA,NA,NA,1202,1157,45,540,617
"294","1950","4210101802000",42,101,6729,6722,2,NA,NA,NA,5,NA,30300,1839,NA,NA,NA,NA,NA,NA,NA,NA,NA,NA,NA,NA,1875,1831,44,780,1051
"295","1950","4210101803000",42,101,3943,3940,0,NA,NA,NA,3,NA,24170,1056,NA,NA,NA,NA,NA,NA,NA,NA,NA,NA,NA,NA,1095,1059,36,397,662
"296","1950","4210101804000",42,101,3772,3771,0,NA,NA,NA,1,NA,33100,978,NA,NA,NA,NA,NA,NA,NA,NA,NA,NA,NA,NA,1032,984,48,276,708
"297","1950","4210101901000",42,101,17287,16416,843,NA,NA,NA,28,NA,25440,4807,NA,NA,NA,NA,NA,NA,NA,NA,NA,NA,NA,NA,4996,4869,127,2354,2515
"298","1950","4210101902000",42,101,10554,10394,157,NA,NA,NA,3,NA,28670,3168,NA,NA,NA,NA,NA,NA,NA,NA,NA,NA,NA,NA,3263,3175,88,1482,1693
"299","1950","4210101903000",42,101,11874,11689,172,NA,NA,NA,13,NA,27160,3303,NA,NA,NA,NA,NA,NA,NA,NA,NA,NA,NA,NA,3441,3304,137,1572,1732
"300","1950","4210102001000",42,101,15427,11380,3935,NA,NA,NA,112,NA,22800,4666,NA,NA,NA,NA,NA,NA,NA,NA,NA,NA,NA,NA,4890,4673,217,3418,1255
"301","1950","4210102002000",42,101,12835,641,12182,NA,NA,NA,12,NA,13160,3616,NA,NA,NA,NA,NA,NA,NA,NA,NA,NA,NA,NA,3785,3633,152,3168,465
"302","1950","4210102003000",42,101,3461,873,2581,NA,NA,NA,7,NA,15170,1158,NA,NA,NA,NA,NA,NA,NA,NA,NA,NA,NA,NA,1243,1186,57,1029,157
"303","1950","4210102004000",42,101,12121,5242,6861,NA,NA,NA,18,NA,19970,3564,NA,NA,NA,NA,NA,NA,NA,NA,NA,NA,NA,NA,3715,3562,153,2916,646
"304","1950","4210102101000",42,101,1405,1396,8,NA,NA,NA,1,NA,59640,667,NA,NA,NA,NA,NA,NA,NA,NA,NA,NA,NA,NA,667,662,5,600,62
"305","1950","4210102102000",42,101,1372,1338,33,NA,NA,NA,1,NA,0,387,NA,NA,NA,NA,NA,NA,NA,NA,NA,NA,NA,NA,423,388,35,137,251
"306","1950","4210102103000",42,101,51,51,0,NA,NA,NA,0,NA,0,14,NA,NA,NA,NA,NA,NA,NA,NA,NA,NA,NA,NA,10,10,0,10,0
"307","1950","4210102104000",42,101,663,658,1,NA,NA,NA,4,NA,0,182,NA,NA,NA,NA,NA,NA,NA,NA,NA,NA,NA,NA,190,181,9,14,167
"308","1950","4210102105000",42,101,319,313,6,NA,NA,NA,0,NA,0,87,NA,NA,NA,NA,NA,NA,NA,NA,NA,NA,NA,NA,91,90,1,32,58
"309","1950","4210102106000",42,101,228,227,1,NA,NA,NA,0,NA,0,66,NA,NA,NA,NA,NA,NA,NA,NA,NA,NA,NA,NA,71,65,6,34,31
"310","1950","4210102107000",42,101,401,398,3,NA,NA,NA,0,NA,0,113,NA,NA,NA,NA,NA,NA,NA,NA,NA,NA,NA,NA,121,113,8,41,72
"311","1950","4210102108000",42,101,146,135,11,NA,NA,NA,0,NA,0,33,NA,NA,NA,NA,NA,NA,NA,NA,NA,NA,NA,NA,39,34,5,23,11
"312","1950","4210102109000",42,101,160,160,0,NA,NA,NA,0,NA,0,40,NA,NA,NA,NA,NA,NA,NA,NA,NA,NA,NA,NA,46,42,4,10,32
"313","1950","4210102110000",42,101,641,641,0,NA,NA,NA,0,NA,0,182,NA,NA,NA,NA,NA,NA,NA,NA,NA,NA,NA,NA,186,182,4,35,147
"314","1950","4210102111000",42,101,231,231,0,NA,NA,NA,0,NA,0,61,NA,NA,NA,NA,NA,NA,NA,NA,NA,NA,NA,NA,62,59,3,9,50
"315","1950","4210102112000",42,101,140,139,0,NA,NA,NA,1,NA,0,40,NA,NA,NA,NA,NA,NA,NA,NA,NA,NA,NA,NA,41,40,1,14,26
"316","1950","4210102113000",42,101,327,327,0,NA,NA,NA,0,NA,0,85,NA,NA,NA,NA,NA,NA,NA,NA,NA,NA,NA,NA,90,84,6,23,61
"317","1950","4210102114000",42,101,3478,3416,62,NA,NA,NA,0,NA,30420,851,NA,NA,NA,NA,NA,NA,NA,NA,NA,NA,NA,NA,856,843,13,252,591
"318","1950","4210102115000",42,101,1590,1590,0,NA,NA,NA,0,NA,0,451,NA,NA,NA,NA,NA,NA,NA,NA,NA,NA,NA,NA,453,449,4,109,340
"319","1950","4210102116000",42,101,2288,2286,1,NA,NA,NA,1,NA,38880,608,NA,NA,NA,NA,NA,NA,NA,NA,NA,NA,NA,NA,625,620,5,49,571
"320","1950","4210102117000",42,101,2280,2264,15,NA,NA,NA,1,NA,33610,654,NA,NA,NA,NA,NA,NA,NA,NA,NA,NA,NA,NA,654,646,8,126,520
"321","1950","4210102118000",42,101,4711,4620,90,NA,NA,NA,1,NA,36170,1296,NA,NA,NA,NA,NA,NA,NA,NA,NA,NA,NA,NA,1328,1300,28,371,929
"322","1950","4210102119000",42,101,6750,6162,588,NA,NA,NA,0,NA,29650,1695,NA,NA,NA,NA,NA,NA,NA,NA,NA,NA,NA,NA,1745,1707,38,563,1144
"323","1950","4210102120000",42,101,7454,7321,132,NA,NA,NA,1,NA,32080,1865,NA,NA,NA,NA,NA,NA,NA,NA,NA,NA,NA,NA,1902,1872,30,426,1446
"324","1950","4210102121000",42,101,1888,1887,1,NA,NA,NA,0,NA,39840,528,NA,NA,NA,NA,NA,NA,NA,NA,NA,NA,NA,NA,543,531,12,120,411
"325","1950","4210102122000",42,101,4886,4876,10,NA,NA,NA,0,NA,34190,1322,NA,NA,NA,NA,NA,NA,NA,NA,NA,NA,NA,NA,1345,1322,23,452,870
"326","1950","4210102201000",42,101,5796,5217,578,NA,NA,NA,1,NA,36290,1483,NA,NA,NA,NA,NA,NA,NA,NA,NA,NA,NA,NA,1501,1485,16,285,1200
"327","1950","4210102202000",42,101,657,653,4,NA,NA,NA,0,NA,0,151,NA,NA,NA,NA,NA,NA,NA,NA,NA,NA,NA,NA,162,153,9,28,125
"328","1950","4210102203000",42,101,1374,1370,2,NA,NA,NA,2,NA,0,369,NA,NA,NA,NA,NA,NA,NA,NA,NA,NA,NA,NA,428,372,56,96,276
"329","1950","4210102204000",42,101,3519,3511,8,NA,NA,NA,0,NA,48210,1190,NA,NA,NA,NA,NA,NA,NA,NA,NA,NA,NA,NA,1339,1199,140,447,752
"330","1950","4210102205000",42,101,3255,3241,14,NA,NA,NA,0,NA,41360,1015,NA,NA,NA,NA,NA,NA,NA,NA,NA,NA,NA,NA,1026,1009,17,299,710
"331","1950","4210102206000",42,101,3083,3073,8,NA,NA,NA,2,NA,52290,891,NA,NA,NA,NA,NA,NA,NA,NA,NA,NA,NA,NA,901,887,14,180,707
"332","1950","4210102207000",42,101,2259,2256,3,NA,NA,NA,0,NA,36040,631,NA,NA,NA,NA,NA,NA,NA,NA,NA,NA,NA,NA,677,626,51,250,376
"333","1950","4210102208000",42,101,1877,1867,9,NA,NA,NA,1,NA,31670,556,NA,NA,NA,NA,NA,NA,NA,NA,NA,NA,NA,NA,565,553,12,177,376
"334","1950","4210102209000",42,101,908,865,39,NA,NA,NA,4,NA,0,146,NA,NA,NA,NA,NA,NA,NA,NA,NA,NA,NA,NA,150,138,12,30,108
"335","1950","4210102210000",42,101,671,667,2,NA,NA,NA,2,NA,3170,52,NA,NA,NA,NA,NA,NA,NA,NA,NA,NA,NA,NA,54,53,1,6,47
"336","1950","4210102211000",42,101,3,3,0,NA,NA,NA,0,NA,0,1,NA,NA,NA,NA,NA,NA,NA,NA,NA,NA,NA,NA,0,0,0,0,0
"337","1950","4210102212000",42,101,0,0,0,NA,NA,NA,0,NA,0,0,NA,NA,NA,NA,NA,NA,NA,NA,NA,NA,NA,NA,0,0,0,0,0
"338","1950","4210102213000",42,101,43,43,0,NA,NA,NA,0,NA,0,6,NA,NA,NA,NA,NA,NA,NA,NA,NA,NA,NA,NA,6,6,0,3,3
"339","1950","4210102214000",42,101,164,161,3,NA,NA,NA,0,NA,0,34,NA,NA,NA,NA,NA,NA,NA,NA,NA,NA,NA,NA,35,33,2,12,21
"340","1950","4210102215000",42,101,1157,1125,32,NA,NA,NA,0,NA,0,357,NA,NA,NA,NA,NA,NA,NA,NA,NA,NA,NA,NA,353,345,8,125,220
"341","1950","4210102216000",42,101,1706,1653,53,NA,NA,NA,0,NA,31880,445,NA,NA,NA,NA,NA,NA,NA,NA,NA,NA,NA,NA,454,444,10,211,233
"342","1950","4210102217000",42,101,53,53,0,NA,NA,NA,0,NA,0,18,NA,NA,NA,NA,NA,NA,NA,NA,NA,NA,NA,NA,18,18,0,9,9
"343","1950","4210102218000",42,101,1196,1147,49,NA,NA,NA,0,NA,0,180,NA,NA,NA,NA,NA,NA,NA,NA,NA,NA,NA,NA,170,170,0,50,120
"344","1950","4210102219000",42,101,22,22,0,NA,NA,NA,0,NA,0,5,NA,NA,NA,NA,NA,NA,NA,NA,NA,NA,NA,NA,5,5,0,4,1
"345","1950","4210102220000",42,101,531,520,11,NA,NA,NA,0,NA,0,161,NA,NA,NA,NA,NA,NA,NA,NA,NA,NA,NA,NA,173,158,15,10,148
"346","1950","4210102221000",42,101,4556,4528,22,NA,NA,NA,6,NA,40380,1351,NA,NA,NA,NA,NA,NA,NA,NA,NA,NA,NA,NA,1430,1343,87,354,989
"347","1950","4210102222000",42,101,2184,2165,19,NA,NA,NA,0,NA,43250,669,NA,NA,NA,NA,NA,NA,NA,NA,NA,NA,NA,NA,678,660,18,303,357
"348","1950","4210102223000",42,101,2508,2471,35,NA,NA,NA,2,NA,49000,757,NA,NA,NA,NA,NA,NA,NA,NA,NA,NA,NA,NA,774,761,13,248,513
"349","1950","4210102224000",42,101,4077,3357,716,NA,NA,NA,4,NA,41170,1250,NA,NA,NA,NA,NA,NA,NA,NA,NA,NA,NA,NA,1272,1246,26,771,475
"350","1950","4210102225000",42,101,6727,4524,2194,NA,NA,NA,9,NA,31980,1876,NA,NA,NA,NA,NA,NA,NA,NA,NA,NA,NA,NA,1901,1869,32,542,1327
"351","1950","4210102226000",42,101,9502,8989,499,NA,NA,NA,14,NA,33510,2944,NA,NA,NA,NA,NA,NA,NA,NA,NA,NA,NA,NA,3022,2940,82,1132,1808
"352","1950","4210102227000",42,101,5919,4819,1091,NA,NA,NA,9,NA,32950,2149,NA,NA,NA,NA,NA,NA,NA,NA,NA,NA,NA,NA,2222,2157,65,1272,885
"353","1950","4210102228000",42,101,2038,2009,29,NA,NA,NA,0,NA,41590,821,NA,NA,NA,NA,NA,NA,NA,NA,NA,NA,NA,NA,834,822,12,606,216
"354","1950","4210102229000",42,101,2496,2399,97,NA,NA,NA,0,NA,34260,936,NA,NA,NA,NA,NA,NA,NA,NA,NA,NA,NA,NA,947,937,10,639,298
"355","1950","4210102230000",42,101,2012,1408,601,NA,NA,NA,3,NA,24200,581,NA,NA,NA,NA,NA,NA,NA,NA,NA,NA,NA,NA,580,572,8,376,196
"356","1950","4210102231000",42,101,6884,4944,1938,NA,NA,NA,2,NA,23380,1821,NA,NA,NA,NA,NA,NA,NA,NA,NA,NA,NA,NA,1844,1808,36,997,811
"357","1950","4210102232000",42,101,3538,3278,260,NA,NA,NA,0,NA,38250,954,NA,NA,NA,NA,NA,NA,NA,NA,NA,NA,NA,NA,959,950,9,212,738
"358","1950","4210102233000",42,101,7432,7167,262,NA,NA,NA,3,NA,31000,1811,NA,NA,NA,NA,NA,NA,NA,NA,NA,NA,NA,NA,1863,1809,54,637,1172
"359","1950","4210102234000",42,101,7208,6162,1044,NA,NA,NA,2,NA,27550,2043,NA,NA,NA,NA,NA,NA,NA,NA,NA,NA,NA,NA,2096,2045,51,764,1281
"360","1950","4210102235000",42,101,7948,6535,1403,NA,NA,NA,10,NA,28610,2656,NA,NA,NA,NA,NA,NA,NA,NA,NA,NA,NA,NA,2684,2648,36,1300,1348
"361","1950","4210102236000",42,101,5700,5686,10,NA,NA,NA,4,NA,31010,1800,NA,NA,NA,NA,NA,NA,NA,NA,NA,NA,NA,NA,1842,1795,47,767,1028
"362","1950","4210102237000",42,101,5194,4721,468,NA,NA,NA,5,NA,35770,1713,NA,NA,NA,NA,NA,NA,NA,NA,NA,NA,NA,NA,1767,1722,45,710,1012
"363","1950","4210102301000",42,101,1164,1162,2,NA,NA,NA,0,NA,0,314,NA,NA,NA,NA,NA,NA,NA,NA,NA,NA,NA,NA,323,318,5,99,219
"364","1950","4210102302000",42,101,4661,4659,0,NA,NA,NA,2,NA,36820,1366,NA,NA,NA,NA,NA,NA,NA,NA,NA,NA,NA,NA,1373,1363,10,303,1060
"365","1950","4210102303000",42,101,1667,1665,2,NA,NA,NA,0,NA,0,492,NA,NA,NA,NA,NA,NA,NA,NA,NA,NA,NA,NA,494,491,3,87,404
"366","1950","4210102304000",42,101,7549,7540,4,NA,NA,NA,5,NA,39600,2370,NA,NA,NA,NA,NA,NA,NA,NA,NA,NA,NA,NA,2399,2367,32,512,1855
"367","1950","4210102305000",42,101,6246,6234,9,NA,NA,NA,3,NA,35970,2216,NA,NA,NA,NA,NA,NA,NA,NA,NA,NA,NA,NA,2272,2212,60,1047,1165
"368","1950","4210102306000",42,101,4841,4811,29,NA,NA,NA,1,NA,27680,1377,NA,NA,NA,NA,NA,NA,NA,NA,NA,NA,NA,NA,1406,1383,23,549,834
"369","1950","4210102307000",42,101,8104,6730,1368,NA,NA,NA,6,NA,27180,2507,NA,NA,NA,NA,NA,NA,NA,NA,NA,NA,NA,NA,2563,2506,57,1149,1357
"370","1950","4210102308000",42,101,5214,5198,15,NA,NA,NA,1,NA,33820,1487,NA,NA,NA,NA,NA,NA,NA,NA,NA,NA,NA,NA,1499,1485,14,364,1121
"371","1950","4210102309000",42,101,5837,5640,195,NA,NA,NA,2,NA,28210,1688,NA,NA,NA,NA,NA,NA,NA,NA,NA,NA,NA,NA,1740,1695,45,779,916
"372","1950","4210102310000",42,101,1765,724,1038,NA,NA,NA,3,NA,0,428,NA,NA,NA,NA,NA,NA,NA,NA,NA,NA,NA,NA,433,429,4,305,124
"373","1950","4210102311000",42,101,4791,4787,1,NA,NA,NA,3,NA,30540,1277,NA,NA,NA,NA,NA,NA,NA,NA,NA,NA,NA,NA,1317,1288,29,293,995
"374","1950","4210102401000",42,101,609,608,1,NA,NA,NA,0,NA,0,46,NA,NA,NA,NA,NA,NA,NA,NA,NA,NA,NA,NA,49,46,3,29,17
"375","1950","4210102402000",42,101,10195,9063,1130,NA,NA,NA,2,NA,25950,3187,NA,NA,NA,NA,NA,NA,NA,NA,NA,NA,NA,NA,3274,3160,114,1951,1209
"376","1950","4210102403000",42,101,14282,3856,10402,NA,NA,NA,24,NA,20070,3764,NA,NA,NA,NA,NA,NA,NA,NA,NA,NA,NA,NA,3846,3747,99,2335,1412
"377","1950","4210102404000",42,101,13596,1888,11698,NA,NA,NA,10,NA,20270,3302,NA,NA,NA,NA,NA,NA,NA,NA,NA,NA,NA,NA,3400,3322,78,2254,1068
"378","1950","4210102405000",42,101,5798,2320,3473,NA,NA,NA,5,NA,21850,1463,NA,NA,NA,NA,NA,NA,NA,NA,NA,NA,NA,NA,1543,1475,68,1058,417
"379","1950","4210102406000",42,101,13588,7927,5619,NA,NA,NA,42,NA,17980,4148,NA,NA,NA,NA,NA,NA,NA,NA,NA,NA,NA,NA,4327,4134,193,3355,779
"380","1950","4210102407000",42,101,5323,896,4418,NA,NA,NA,9,NA,17870,1580,NA,NA,NA,NA,NA,NA,NA,NA,NA,NA,NA,NA,1617,1572,45,1087,485
"381","1950","4210102501000",42,101,10692,10681,1,NA,NA,NA,10,NA,28850,3151,NA,NA,NA,NA,NA,NA,NA,NA,NA,NA,NA,NA,3246,3135,111,1320,1815
"382","1950","4210102502000",42,101,10665,10192,468,NA,NA,NA,5,NA,33240,2741,NA,NA,NA,NA,NA,NA,NA,NA,NA,NA,NA,NA,2784,2736,48,651,2085
"383","1950","4210102503000",42,101,14568,14547,5,NA,NA,NA,16,NA,32480,3762,NA,NA,NA,NA,NA,NA,NA,NA,NA,NA,NA,NA,3818,3759,59,892,2867
"384","1950","4210102504000",42,101,1136,1119,11,NA,NA,NA,6,NA,0,262,NA,NA,NA,NA,NA,NA,NA,NA,NA,NA,NA,NA,267,262,5,86,176
"385","1950","4210102601000",42,101,2809,576,2228,NA,NA,NA,5,NA,16500,835,NA,NA,NA,NA,NA,NA,NA,NA,NA,NA,NA,NA,853,836,17,566,270
"386","1950","4210102602000",42,101,7677,6388,1285,NA,NA,NA,4,NA,24920,2047,NA,NA,NA,NA,NA,NA,NA,NA,NA,NA,NA,NA,2103,2059,44,1103,956
"387","1950","4210102603000",42,101,9070,8562,506,NA,NA,NA,2,NA,32920,2251,NA,NA,NA,NA,NA,NA,NA,NA,NA,NA,NA,NA,2300,2260,40,830,1430
"388","1950","4210102604000",42,101,13621,11577,2033,NA,NA,NA,11,NA,29970,3572,NA,NA,NA,NA,NA,NA,NA,NA,NA,NA,NA,NA,3628,3549,79,1340,2209
"389","1950","4210102605000",42,101,19192,19171,9,NA,NA,NA,12,NA,31530,5062,NA,NA,NA,NA,NA,NA,NA,NA,NA,NA,NA,NA,5138,5072,66,1640,3432
"390","1950","4210102606000",42,101,4148,1478,2668,NA,NA,NA,2,NA,24080,861,NA,NA,NA,NA,NA,NA,NA,NA,NA,NA,NA,NA,874,863,11,690,173
"391","1950","4210102701000",42,101,3989,3329,604,NA,NA,NA,56,NA,15410,994,NA,NA,NA,NA,NA,NA,NA,NA,NA,NA,NA,NA,1060,1001,59,843,158
"392","1950","4210102702000",42,101,9499,8391,1028,NA,NA,NA,80,NA,17260,3239,NA,NA,NA,NA,NA,NA,NA,NA,NA,NA,NA,NA,3379,3248,131,2833,415
"393","1950","4210102703000",42,101,9443,8988,434,NA,NA,NA,21,NA,26900,3853,NA,NA,NA,NA,NA,NA,NA,NA,NA,NA,NA,NA,3934,3833,101,3196,637
"394","1950","4210102704000",42,101,3045,1731,1307,NA,NA,NA,7,NA,22680,1039,NA,NA,NA,NA,NA,NA,NA,NA,NA,NA,NA,NA,1083,1046,37,888,158
"395","1950","4210102705000",42,101,4094,3344,737,NA,NA,NA,13,NA,3560,25,NA,NA,NA,NA,NA,NA,NA,NA,NA,NA,NA,NA,25,25,0,5,20
"396","1950","4210102801000",42,101,11903,6896,4956,NA,NA,NA,51,NA,24320,3416,NA,NA,NA,NA,NA,NA,NA,NA,NA,NA,NA,NA,3507,3395,112,1530,1865
"397","1950","4210102802000",42,101,11584,2654,8916,NA,NA,NA,14,NA,22520,3104,NA,NA,NA,NA,NA,NA,NA,NA,NA,NA,NA,NA,3184,3116,68,1586,1530
"398","1950","4210102803000",42,101,16604,12607,3979,NA,NA,NA,18,NA,26510,4762,NA,NA,NA,NA,NA,NA,NA,NA,NA,NA,NA,NA,4861,4755,106,2136,2619
"399","1950","4210102804000",42,101,6660,6657,1,NA,NA,NA,2,NA,30500,2121,NA,NA,NA,NA,NA,NA,NA,NA,NA,NA,NA,NA,2155,2113,42,838,1275
"400","1950","4210102805000",42,101,4024,1827,2188,NA,NA,NA,9,NA,23350,1296,NA,NA,NA,NA,NA,NA,NA,NA,NA,NA,NA,NA,1338,1296,42,819,477
"401","1950","4210102901000",42,101,11800,6029,5760,NA,NA,NA,11,NA,21500,3513,NA,NA,NA,NA,NA,NA,NA,NA,NA,NA,NA,NA,3628,3521,107,1969,1552
"402","1950","4210102902000",42,101,13,13,0,NA,NA,NA,0,NA,0,4,NA,NA,NA,NA,NA,NA,NA,NA,NA,NA,NA,NA,5,5,0,5,0
"403","1950","4210102903000",42,101,10188,9697,488,NA,NA,NA,3,NA,30000,3040,NA,NA,NA,NA,NA,NA,NA,NA,NA,NA,NA,NA,3143,3052,91,1272,1780
"404","1950","4210102904000",42,101,8332,1984,6346,NA,NA,NA,2,NA,20350,2067,NA,NA,NA,NA,NA,NA,NA,NA,NA,NA,NA,NA,2131,2077,54,1240,837
"405","1950","4210103001000",42,101,16515,519,15969,NA,NA,NA,27,NA,12980,5221,NA,NA,NA,NA,NA,NA,NA,NA,NA,NA,NA,NA,5281,5206,75,4353,853
"406","1950","4210103002000",42,101,10693,2843,7820,NA,NA,NA,30,NA,15040,2842,NA,NA,NA,NA,NA,NA,NA,NA,NA,NA,NA,NA,2865,2840,25,1870,970
"407","1950","4210103101000",42,101,11840,11822,5,NA,NA,NA,13,NA,26750,3425,NA,NA,NA,NA,NA,NA,NA,NA,NA,NA,NA,NA,3589,3439,150,1661,1778
"408","1950","4210103102000",42,101,9071,9063,1,NA,NA,NA,7,NA,30540,2461,NA,NA,NA,NA,NA,NA,NA,NA,NA,NA,NA,NA,2543,2456,87,771,1685
"409","1950","4210103103000",42,101,3297,3297,0,NA,NA,NA,0,NA,31480,866,NA,NA,NA,NA,NA,NA,NA,NA,NA,NA,NA,NA,896,870,26,226,644
"410","1950","4210103201000",42,101,9571,260,9303,NA,NA,NA,8,NA,16530,2935,NA,NA,NA,NA,NA,NA,NA,NA,NA,NA,NA,NA,3059,2950,109,2661,289
"411","1950","4210103202000",42,101,3448,2156,1284,NA,NA,NA,8,NA,10680,1063,NA,NA,NA,NA,NA,NA,NA,NA,NA,NA,NA,NA,1108,1061,47,981,80
"412","1950","4210103203000",42,101,14351,2301,12028,NA,NA,NA,22,NA,19750,4770,NA,NA,NA,NA,NA,NA,NA,NA,NA,NA,NA,NA,4933,4773,160,3842,931
"413","1950","4210103204000",42,101,15678,224,15443,NA,NA,NA,11,NA,17800,4563,NA,NA,NA,NA,NA,NA,NA,NA,NA,NA,NA,NA,4756,4589,167,3477,1112
"414","1950","4210103205000",42,101,17799,10967,6814,NA,NA,NA,18,NA,24550,5293,NA,NA,NA,NA,NA,NA,NA,NA,NA,NA,NA,NA,5383,5244,139,3074,2170
"415","1950","4210103206000",42,101,13,13,0,NA,NA,NA,0,NA,0,4,NA,NA,NA,NA,NA,NA,NA,NA,NA,NA,NA,NA,4,4,0,4,0
"416","1950","4210103301000",42,101,2,2,0,NA,NA,NA,0,NA,0,1,NA,NA,NA,NA,NA,NA,NA,NA,NA,NA,NA,NA,0,0,0,0,0
"417","1950","4210103302000",42,101,7906,7892,3,NA,NA,NA,11,NA,37170,2288,NA,NA,NA,NA,NA,NA,NA,NA,NA,NA,NA,NA,2296,2278,18,710,1568
"418","1950","4210103303000",42,101,4651,4646,4,NA,NA,NA,1,NA,36760,1324,NA,NA,NA,NA,NA,NA,NA,NA,NA,NA,NA,NA,1403,1326,77,229,1097
"419","1950","4210103304000",42,101,496,496,0,NA,NA,NA,0,NA,0,139,NA,NA,NA,NA,NA,NA,NA,NA,NA,NA,NA,NA,142,139,3,106,33
"420","1950","4210103305000",42,101,609,492,116,NA,NA,NA,1,NA,0,46,NA,NA,NA,NA,NA,NA,NA,NA,NA,NA,NA,NA,46,45,1,9,36
"421","1950","4210103306000",42,101,3333,3317,16,NA,NA,NA,0,NA,32140,988,NA,NA,NA,NA,NA,NA,NA,NA,NA,NA,NA,NA,1002,983,19,292,691
"422","1950","4210103307000",42,101,11127,11107,11,NA,NA,NA,9,NA,31550,3251,NA,NA,NA,NA,NA,NA,NA,NA,NA,NA,NA,NA,3290,3240,50,919,2321
"423","1950","4210103308000",42,101,8700,8696,3,NA,NA,NA,1,NA,32410,2466,NA,NA,NA,NA,NA,NA,NA,NA,NA,NA,NA,NA,2480,2446,34,637,1809
"424","1950","4210103309000",42,101,14555,14527,6,NA,NA,NA,22,NA,30750,4176,NA,NA,NA,NA,NA,NA,NA,NA,NA,NA,NA,NA,4256,4162,94,1370,2792
"425","1950","4210103310000",42,101,13157,13136,13,NA,NA,NA,8,NA,31410,3795,NA,NA,NA,NA,NA,NA,NA,NA,NA,NA,NA,NA,3851,3783,68,1160,2623
"426","1950","4210103311000",42,101,2392,2381,1,NA,NA,NA,10,NA,28750,743,NA,NA,NA,NA,NA,NA,NA,NA,NA,NA,NA,NA,772,751,21,343,408
"427","1950","4210103401000",42,101,3130,3100,29,NA,NA,NA,1,NA,50190,760,NA,NA,NA,NA,NA,NA,NA,NA,NA,NA,NA,NA,786,762,24,334,428
"428","1950","4210103402000",42,101,1658,1601,57,NA,NA,NA,0,NA,0,462,NA,NA,NA,NA,NA,NA,NA,NA,NA,NA,NA,NA,471,462,9,135,327
"429","1950","4210103403000",42,101,1923,1907,15,NA,NA,NA,1,NA,56250,511,NA,NA,NA,NA,NA,NA,NA,NA,NA,NA,NA,NA,518,510,8,156,354
"430","1950","4210103404000",42,101,3512,3503,8,NA,NA,NA,1,NA,50630,984,NA,NA,NA,NA,NA,NA,NA,NA,NA,NA,NA,NA,994,978,16,145,833
"431","1950","4210103405000",42,101,4833,4820,11,NA,NA,NA,2,NA,48750,1313,NA,NA,NA,NA,NA,NA,NA,NA,NA,NA,NA,NA,1327,1311,16,132,1179
"432","1950","4210103406000",42,101,7329,7310,19,NA,NA,NA,0,NA,38110,2102,NA,NA,NA,NA,NA,NA,NA,NA,NA,NA,NA,NA,2148,2108,40,658,1450
"433","1950","4210103407000",42,101,12,12,0,NA,NA,NA,0,NA,0,2,NA,NA,NA,NA,NA,NA,NA,NA,NA,NA,NA,NA,0,0,0,0,0
"434","1950","4210103408000",42,101,15849,10889,4940,NA,NA,NA,20,NA,31010,4247,NA,NA,NA,NA,NA,NA,NA,NA,NA,NA,NA,NA,4266,4233,33,1103,3130
"435","1950","4210103409000",42,101,20283,17212,3057,NA,NA,NA,14,NA,33150,6054,NA,NA,NA,NA,NA,NA,NA,NA,NA,NA,NA,NA,6086,6027,59,2037,3990
"436","1950","4210103410000",42,101,3698,3653,41,NA,NA,NA,4,NA,37030,1116,NA,NA,NA,NA,NA,NA,NA,NA,NA,NA,NA,NA,1116,1101,15,535,566
"437","1950","4210103411000",42,101,279,274,5,NA,NA,NA,0,NA,0,64,NA,NA,NA,NA,NA,NA,NA,NA,NA,NA,NA,NA,66,63,3,2,61
"438","1950","4210103412000",42,101,0,0,0,NA,NA,NA,0,NA,0,0,NA,NA,NA,NA,NA,NA,NA,NA,NA,NA,NA,NA,0,0,0,0,0
"439","1950","4210103413000",42,101,12784,12773,7,NA,NA,NA,4,NA,36000,3210,NA,NA,NA,NA,NA,NA,NA,NA,NA,NA,NA,NA,3256,3225,31,553,2672
"440","1950","4210103414000",42,101,6471,6448,21,NA,NA,NA,2,NA,46470,1885,NA,NA,NA,NA,NA,NA,NA,NA,NA,NA,NA,NA,1903,1883,20,86,1797
"441","1950","4210103415000",42,101,0,0,0,NA,NA,NA,0,NA,0,0,NA,NA,NA,NA,NA,NA,NA,NA,NA,NA,NA,NA,0,0,0,0,0
"442","1950","4210103416000",42,101,13040,6367,6644,NA,NA,NA,29,NA,25520,3526,NA,NA,NA,NA,NA,NA,NA,NA,NA,NA,NA,NA,3552,3502,50,1123,2379
"443","1950","4210103417000",42,101,12266,1444,10813,NA,NA,NA,9,NA,21320,3352,NA,NA,NA,NA,NA,NA,NA,NA,NA,NA,NA,NA,3393,3357,36,1323,2034
"444","1950","4210103501000",42,101,240,217,23,NA,NA,NA,0,NA,0,44,NA,NA,NA,NA,NA,NA,NA,NA,NA,NA,NA,NA,46,40,6,6,34
"445","1950","4210103502000",42,101,132,131,1,NA,NA,NA,0,NA,0,38,NA,NA,NA,NA,NA,NA,NA,NA,NA,NA,NA,NA,39,38,1,16,22
"446","1950","4210103503000",42,101,6015,4728,1280,NA,NA,NA,7,NA,0,7,NA,NA,NA,NA,NA,NA,NA,NA,NA,NA,NA,NA,7,7,0,3,4
"447","1950","4210103504000",42,101,516,514,0,NA,NA,NA,2,NA,0,147,NA,NA,NA,NA,NA,NA,NA,NA,NA,NA,NA,NA,156,145,11,39,106
"448","1950","4210103505000",42,101,822,822,0,NA,NA,NA,0,NA,0,251,NA,NA,NA,NA,NA,NA,NA,NA,NA,NA,NA,NA,266,250,16,37,213
"449","1950","4210103506000",42,101,10,10,0,NA,NA,NA,0,NA,0,3,NA,NA,NA,NA,NA,NA,NA,NA,NA,NA,NA,NA,3,3,0,1,2
"450","1950","4210103507000",42,101,356,355,1,NA,NA,NA,0,NA,0,107,NA,NA,NA,NA,NA,NA,NA,NA,NA,NA,NA,NA,117,108,9,49,59
"451","1950","4210103508000",42,101,29,24,5,NA,NA,NA,0,NA,0,6,NA,NA,NA,NA,NA,NA,NA,NA,NA,NA,NA,NA,7,6,1,3,3
"452","1950","4210103509000",42,101,109,109,0,NA,NA,NA,0,NA,0,31,NA,NA,NA,NA,NA,NA,NA,NA,NA,NA,NA,NA,32,32,0,7,25
"453","1950","4210103510000",42,101,5213,5195,14,NA,NA,NA,4,NA,31030,1346,NA,NA,NA,NA,NA,NA,NA,NA,NA,NA,NA,NA,1353,1347,6,1335,12
"454","1950","4210103511000",42,101,323,323,0,NA,NA,NA,0,NA,0,90,NA,NA,NA,NA,NA,NA,NA,NA,NA,NA,NA,NA,91,88,3,14,74
"455","1950","4210103512000",42,101,221,210,11,NA,NA,NA,0,NA,0,60,NA,NA,NA,NA,NA,NA,NA,NA,NA,NA,NA,NA,60,60,0,13,47
"456","1950","4210103513000",42,101,81,78,1,NA,NA,NA,2,NA,0,20,NA,NA,NA,NA,NA,NA,NA,NA,NA,NA,NA,NA,23,20,3,18,2
"457","1950","4210103514000",42,101,380,379,1,NA,NA,NA,0,NA,0,105,NA,NA,NA,NA,NA,NA,NA,NA,NA,NA,NA,NA,117,103,14,17,86
"458","1950","4210103515000",42,101,146,146,0,NA,NA,NA,0,NA,0,44,NA,NA,NA,NA,NA,NA,NA,NA,NA,NA,NA,NA,49,45,4,4,41
"459","1950","4210103516000",42,101,181,181,0,NA,NA,NA,0,NA,0,53,NA,NA,NA,NA,NA,NA,NA,NA,NA,NA,NA,NA,57,53,4,5,48
"460","1950","4210103517000",42,101,1279,1279,0,NA,NA,NA,0,NA,0,380,NA,NA,NA,NA,NA,NA,NA,NA,NA,NA,NA,NA,387,379,8,88,291
"461","1950","4210103518000",42,101,159,159,0,NA,NA,NA,0,NA,0,45,NA,NA,NA,NA,NA,NA,NA,NA,NA,NA,NA,NA,45,44,1,16,28
"462","1950","4210103519000",42,101,5290,5129,161,NA,NA,NA,0,NA,37120,1295,NA,NA,NA,NA,NA,NA,NA,NA,NA,NA,NA,NA,1307,1293,14,995,298
"463","1950","4210103520000",42,101,277,144,133,NA,NA,NA,0,NA,0,69,NA,NA,NA,NA,NA,NA,NA,NA,NA,NA,NA,NA,79,71,8,11,60
"464","1950","4210103521000",42,101,218,218,0,NA,NA,NA,0,NA,0,65,NA,NA,NA,NA,NA,NA,NA,NA,NA,NA,NA,NA,69,65,4,25,40
"465","1950","4210103522000",42,101,100,100,0,NA,NA,NA,0,NA,0,9,NA,NA,NA,NA,NA,NA,NA,NA,NA,NA,NA,NA,11,11,0,11,0
"466","1950","4210103523000",42,101,1003,994,7,NA,NA,NA,2,NA,0,155,NA,NA,NA,NA,NA,NA,NA,NA,NA,NA,NA,NA,161,154,7,20,134
"467","1950","4210103524000",42,101,117,115,0,NA,NA,NA,2,NA,0,15,NA,NA,NA,NA,NA,NA,NA,NA,NA,NA,NA,NA,17,17,0,5,12
"468","1950","4210103525000",42,101,1690,1687,2,NA,NA,NA,1,NA,38330,479,NA,NA,NA,NA,NA,NA,NA,NA,NA,NA,NA,NA,496,485,11,83,402
"469","1950","4210103526000",42,101,1964,1964,0,NA,NA,NA,0,NA,42340,576,NA,NA,NA,NA,NA,NA,NA,NA,NA,NA,NA,NA,592,584,8,160,424
"470","1950","4210103527000",42,101,561,561,0,NA,NA,NA,0,NA,0,172,NA,NA,NA,NA,NA,NA,NA,NA,NA,NA,NA,NA,184,171,13,21,150
"471","1950","4210103528000",42,101,53,53,0,NA,NA,NA,0,NA,0,18,NA,NA,NA,NA,NA,NA,NA,NA,NA,NA,NA,NA,22,18,4,4,14
"472","1950","4210103529000",42,101,1336,1336,0,NA,NA,NA,0,NA,0,368,NA,NA,NA,NA,NA,NA,NA,NA,NA,NA,NA,NA,370,367,3,65,302
"473","1950","4210103530000",42,101,1514,1514,0,NA,NA,NA,0,NA,0,433,NA,NA,NA,NA,NA,NA,NA,NA,NA,NA,NA,NA,443,435,8,38,397
"474","1950","4210103531000",42,101,539,538,1,NA,NA,NA,0,NA,0,164,NA,NA,NA,NA,NA,NA,NA,NA,NA,NA,NA,NA,168,165,3,25,140
"475","1950","4210103532000",42,101,3268,3263,5,NA,NA,NA,0,NA,40760,897,NA,NA,NA,NA,NA,NA,NA,NA,NA,NA,NA,NA,906,888,18,131,757
"476","1950","4210103533000",42,101,6262,6259,3,NA,NA,NA,0,NA,39620,1845,NA,NA,NA,NA,NA,NA,NA,NA,NA,NA,NA,NA,1856,1836,20,238,1598
"477","1950","4210103534000",42,101,1393,1393,0,NA,NA,NA,0,NA,0,357,NA,NA,NA,NA,NA,NA,NA,NA,NA,NA,NA,NA,382,356,26,130,226
"478","1950","4210103535000",42,101,303,302,1,NA,NA,NA,0,NA,0,103,NA,NA,NA,NA,NA,NA,NA,NA,NA,NA,NA,NA,101,101,0,9,92
"479","1950","4210103536000",42,101,1116,1116,0,NA,NA,NA,0,NA,0,311,NA,NA,NA,NA,NA,NA,NA,NA,NA,NA,NA,NA,318,308,10,27,281
"480","1950","4210103537000",42,101,3676,3676,0,NA,NA,NA,0,NA,37710,1116,NA,NA,NA,NA,NA,NA,NA,NA,NA,NA,NA,NA,1130,1122,8,208,914
"481","1950","4210103538000",42,101,925,925,0,NA,NA,NA,0,NA,0,272,NA,NA,NA,NA,NA,NA,NA,NA,NA,NA,NA,NA,280,274,6,75,199
"482","1950","4210103539000",42,101,281,262,19,NA,NA,NA,0,NA,0,59,NA,NA,NA,NA,NA,NA,NA,NA,NA,NA,NA,NA,58,58,0,4,54
"483","1950","4210103540000",42,101,2285,2285,0,NA,NA,NA,0,NA,43440,688,NA,NA,NA,NA,NA,NA,NA,NA,NA,NA,NA,NA,694,687,7,181,506
"484","1950","4210103541000",42,101,1667,1667,0,NA,NA,NA,0,NA,0,488,NA,NA,NA,NA,NA,NA,NA,NA,NA,NA,NA,NA,502,489,13,42,447
"485","1950","4210103542000",42,101,3266,3264,2,NA,NA,NA,0,NA,44310,938,NA,NA,NA,NA,NA,NA,NA,NA,NA,NA,NA,NA,954,935,19,115,820
"486","1950","4210103543000",42,101,6987,6978,3,NA,NA,NA,6,NA,41830,2080,NA,NA,NA,NA,NA,NA,NA,NA,NA,NA,NA,NA,2418,2084,334,296,1788
"487","1950","4210103544000",42,101,11756,11753,1,NA,NA,NA,2,NA,42870,3387,NA,NA,NA,NA,NA,NA,NA,NA,NA,NA,NA,NA,3410,3358,52,605,2753
"488","1950","4210103545000",42,101,5364,5363,1,NA,NA,NA,0,NA,39290,1530,NA,NA,NA,NA,NA,NA,NA,NA,NA,NA,NA,NA,1536,1529,7,179,1350
"489","1950","4210103546000",42,101,10358,10346,12,NA,NA,NA,0,NA,42770,3025,NA,NA,NA,NA,NA,NA,NA,NA,NA,NA,NA,NA,3049,3001,48,592,2409
"490","1950","4210103547000",42,101,7799,7792,4,NA,NA,NA,3,NA,43470,2237,NA,NA,NA,NA,NA,NA,NA,NA,NA,NA,NA,NA,2326,2234,92,331,1903
"491","1950","4210103548000",42,101,6101,6100,1,NA,NA,NA,0,NA,39320,1739,NA,NA,NA,NA,NA,NA,NA,NA,NA,NA,NA,NA,1750,1730,20,449,1281
"492","1950","4210103549000",42,101,4111,4111,0,NA,NA,NA,0,NA,41770,1193,NA,NA,NA,NA,NA,NA,NA,NA,NA,NA,NA,NA,1201,1188,13,168,1020
"493","1950","4210103550000",42,101,6743,6738,2,NA,NA,NA,3,NA,38490,1954,NA,NA,NA,NA,NA,NA,NA,NA,NA,NA,NA,NA,1992,1953,39,452,1501
"494","1950","4210103551000",42,101,14729,14710,4,NA,NA,NA,15,NA,36510,3895,NA,NA,NA,NA,NA,NA,NA,NA,NA,NA,NA,NA,3852,3819,33,1226,2593
"495","1950","4210103552000",42,101,5260,5258,2,NA,NA,NA,0,NA,45330,1536,NA,NA,NA,NA,NA,NA,NA,NA,NA,NA,NA,NA,1598,1548,50,292,1256
"496","1950","4210103553000",42,101,4820,4818,0,NA,NA,NA,2,NA,38450,1304,NA,NA,NA,NA,NA,NA,NA,NA,NA,NA,NA,NA,1559,1317,242,148,1169
"497","1950","4210103554000",42,101,845,845,0,NA,NA,NA,0,NA,0,270,NA,NA,NA,NA,NA,NA,NA,NA,NA,NA,NA,NA,285,271,14,118,153
"498","1950","4210103555000",42,101,4210,4205,3,NA,NA,NA,2,NA,37210,1167,NA,NA,NA,NA,NA,NA,NA,NA,NA,NA,NA,NA,1171,1165,6,425,740
"499","1950","4210103556000",42,101,2743,2741,2,NA,NA,NA,0,NA,40130,669,NA,NA,NA,NA,NA,NA,NA,NA,NA,NA,NA,NA,658,657,1,152,505
"500","1950","4210103557000",42,101,1316,1315,1,NA,NA,NA,0,NA,0,408,NA,NA,NA,NA,NA,NA,NA,NA,NA,NA,NA,NA,413,406,7,46,360
"501","1950","4210103601000",42,101,2632,78,2551,NA,NA,NA,3,NA,15830,811,NA,NA,NA,NA,NA,NA,NA,NA,NA,NA,NA,NA,822,815,7,529,286
"502","1950","4210103602000",42,101,14445,4284,10067,NA,NA,NA,94,NA,21250,3857,NA,NA,NA,NA,NA,NA,NA,NA,NA,NA,NA,NA,3889,3828,61,2144,1684
"503","1950","4210103603000",42,101,16413,10288,6104,NA,NA,NA,21,NA,26770,3944,NA,NA,NA,NA,NA,NA,NA,NA,NA,NA,NA,NA,3983,3930,53,1595,2335
"504","1950","4210103604000",42,101,13412,11957,1445,NA,NA,NA,10,NA,32760,3266,NA,NA,NA,NA,NA,NA,NA,NA,NA,NA,NA,NA,3329,3269,60,1192,2077
"505","1950","4210103605000",42,101,5884,3415,2456,NA,NA,NA,13,NA,21840,1432,NA,NA,NA,NA,NA,NA,NA,NA,NA,NA,NA,NA,1454,1433,21,1172,261
"506","1950","4210103701000",42,101,2620,2562,54,NA,NA,NA,4,NA,21980,763,NA,NA,NA,NA,NA,NA,NA,NA,NA,NA,NA,NA,761,737,24,455,282
"507","1950","4210103702000",42,101,7046,7037,2,NA,NA,NA,7,NA,26100,2247,NA,NA,NA,NA,NA,NA,NA,NA,NA,NA,NA,NA,2281,2209,72,992,1217
"508","1950","4210103703000",42,101,1358,1090,262,NA,NA,NA,6,NA,22120,410,NA,NA,NA,NA,NA,NA,NA,NA,NA,NA,NA,NA,417,403,14,270,133
"509","1950","4210103704000",42,101,2977,1240,1696,NA,NA,NA,41,NA,18960,783,NA,NA,NA,NA,NA,NA,NA,NA,NA,NA,NA,NA,810,782,28,464,318
"510","1950","4210103705000",42,101,703,405,297,NA,NA,NA,1,NA,0,230,NA,NA,NA,NA,NA,NA,NA,NA,NA,NA,NA,NA,232,232,0,190,42
"511","1950","4210103706000",42,101,6900,4828,2061,NA,NA,NA,11,NA,23110,2162,NA,NA,NA,NA,NA,NA,NA,NA,NA,NA,NA,NA,2229,2162,67,1187,975
"512","1950","4210103801000",42,101,8298,8197,94,NA,NA,NA,7,NA,31600,2273,NA,NA,NA,NA,NA,NA,NA,NA,NA,NA,NA,NA,2315,2280,35,1254,1026
"513","1950","4210103802000",42,101,528,224,304,NA,NA,NA,0,NA,0,118,NA,NA,NA,NA,NA,NA,NA,NA,NA,NA,NA,NA,121,120,1,29,91
"514","1950","4210103803000",42,101,1247,1228,15,NA,NA,NA,4,NA,65710,391,NA,NA,NA,NA,NA,NA,NA,NA,NA,NA,NA,NA,394,389,5,170,219
"515","1950","4210103804000",42,101,2935,2922,8,NA,NA,NA,5,NA,33100,786,NA,NA,NA,NA,NA,NA,NA,NA,NA,NA,NA,NA,799,785,14,183,602
"516","1950","4210103805000",42,101,4997,4978,2,NA,NA,NA,17,NA,34500,1454,NA,NA,NA,NA,NA,NA,NA,NA,NA,NA,NA,NA,1478,1455,23,499,956
"517","1950","4210103806000",42,101,9708,9697,4,NA,NA,NA,7,NA,34340,2561,NA,NA,NA,NA,NA,NA,NA,NA,NA,NA,NA,NA,2618,2577,41,568,2009
"518","1950","4210103807000",42,101,11611,10274,1333,NA,NA,NA,4,NA,27420,3747,NA,NA,NA,NA,NA,NA,NA,NA,NA,NA,NA,NA,3890,3751,139,2140,1611
"519","1950","4210103808000",42,101,16468,12391,4020,NA,NA,NA,57,NA,23310,5292,NA,NA,NA,NA,NA,NA,NA,NA,NA,NA,NA,NA,5435,5261,174,2997,2264
"520","1950","4210103809000",42,101,6557,6294,260,NA,NA,NA,3,NA,32420,1818,NA,NA,NA,NA,NA,NA,NA,NA,NA,NA,NA,NA,1873,1821,52,713,1108
"521","1950","4210103810000",42,101,13797,13694,92,NA,NA,NA,11,NA,33510,3814,NA,NA,NA,NA,NA,NA,NA,NA,NA,NA,NA,NA,3859,3820,39,801,3019
"522","1950","4210103811000",42,101,370,370,0,NA,NA,NA,0,NA,0,96,NA,NA,NA,NA,NA,NA,NA,NA,NA,NA,NA,NA,96,93,3,93,0
"523","1950","4210103901000",42,101,0,0,0,NA,NA,NA,0,NA,0,0,NA,NA,NA,NA,NA,NA,NA,NA,NA,NA,NA,NA,0,0,0,0,0
"524","1950","4210103902000",42,101,17703,17293,402,NA,NA,NA,8,NA,31840,4658,NA,NA,NA,NA,NA,NA,NA,NA,NA,NA,NA,NA,4697,4637,60,1231,3406
"525","1950","4210103903000",42,101,21386,19935,1445,NA,NA,NA,6,NA,29700,5776,NA,NA,NA,NA,NA,NA,NA,NA,NA,NA,NA,NA,5915,5766,149,2110,3656
"526","1950","4210103904000",42,101,17107,17070,18,NA,NA,NA,19,NA,32550,4288,NA,NA,NA,NA,NA,NA,NA,NA,NA,NA,NA,NA,4329,4276,53,1155,3121
"527","1950","4210103905000",42,101,6017,5862,142,NA,NA,NA,13,NA,34590,1571,NA,NA,NA,NA,NA,NA,NA,NA,NA,NA,NA,NA,1602,1566,36,251,1315
"528","1950","4210103906000",42,101,107,103,2,NA,NA,NA,2,NA,0,11,NA,NA,NA,NA,NA,NA,NA,NA,NA,NA,NA,NA,11,11,0,9,2
"529","1950","4210103907000",42,101,3,3,0,NA,NA,NA,0,NA,0,2,NA,NA,NA,NA,NA,NA,NA,NA,NA,NA,NA,NA,0,0,0,0,0
"530","1950","4210103908000",42,101,236,234,2,NA,NA,NA,0,NA,0,57,NA,NA,NA,NA,NA,NA,NA,NA,NA,NA,NA,NA,59,59,0,7,52
"531","1950","4210103909000",42,101,80,80,0,NA,NA,NA,0,NA,0,22,NA,NA,NA,NA,NA,NA,NA,NA,NA,NA,NA,NA,22,22,0,5,17
"532","1950","4210103910000",42,101,118,118,0,NA,NA,NA,0,NA,0,28,NA,NA,NA,NA,NA,NA,NA,NA,NA,NA,NA,NA,29,28,1,22,6
"533","1950","4210103911000",42,101,3909,3720,169,NA,NA,NA,20,NA,13320,83,NA,NA,NA,NA,NA,NA,NA,NA,NA,NA,NA,NA,85,83,2,83,0
"534","1950","4210104001000",42,101,479,30,449,NA,NA,NA,0,NA,0,117,NA,NA,NA,NA,NA,NA,NA,NA,NA,NA,NA,NA,123,122,1,63,59
"535","1950","4210104002000",42,101,9059,6067,2982,NA,NA,NA,10,NA,27970,2370,NA,NA,NA,NA,NA,NA,NA,NA,NA,NA,NA,NA,2423,2372,51,1022,1350
"536","1950","4210104003000",42,101,5200,5197,0,NA,NA,NA,3,NA,36730,1520,NA,NA,NA,NA,NA,NA,NA,NA,NA,NA,NA,NA,1551,1519,32,572,947
"537","1950","4210104004000",42,101,9732,9726,4,NA,NA,NA,2,NA,36700,3026,NA,NA,NA,NA,NA,NA,NA,NA,NA,NA,NA,NA,3038,3013,25,880,2133
"538","1950","4210104005000",42,101,12846,12830,10,NA,NA,NA,6,NA,34680,3452,NA,NA,NA,NA,NA,NA,NA,NA,NA,NA,NA,NA,3465,3447,18,649,2798
"539","1950","4210104006000",42,101,8448,8432,16,NA,NA,NA,0,NA,34090,2291,NA,NA,NA,NA,NA,NA,NA,NA,NA,NA,NA,NA,2380,2297,83,523,1774
"540","1950","4210104007000",42,101,2115,2115,0,NA,NA,NA,0,NA,33930,513,NA,NA,NA,NA,NA,NA,NA,NA,NA,NA,NA,NA,513,513,0,513,0
"541","1950","4210104008000",42,101,1019,1019,0,NA,NA,NA,0,NA,0,234,NA,NA,NA,NA,NA,NA,NA,NA,NA,NA,NA,NA,233,233,0,35,198
"542","1950","4210104009000",42,101,10180,10174,4,NA,NA,NA,2,NA,36520,2501,NA,NA,NA,NA,NA,NA,NA,NA,NA,NA,NA,NA,2516,2494,22,522,1972
"543","1950","4210104010000",42,101,6035,6034,1,NA,NA,NA,0,NA,38210,1636,NA,NA,NA,NA,NA,NA,NA,NA,NA,NA,NA,NA,1650,1630,20,447,1183
"544","1950","4210104011000",42,101,5744,5314,430,NA,NA,NA,0,NA,32500,1451,NA,NA,NA,NA,NA,NA,NA,NA,NA,NA,NA,NA,1459,1446,13,282,1164
"545","1950","4210104012000",42,101,13676,13668,7,NA,NA,NA,1,NA,34560,3746,NA,NA,NA,NA,NA,NA,NA,NA,NA,NA,NA,NA,3761,3729,32,724,3005
"546","1950","4210104013000",42,101,22,21,1,NA,NA,NA,0,NA,0,6,NA,NA,NA,NA,NA,NA,NA,NA,NA,NA,NA,NA,6,6,0,6,0
"547","1950","4210104014000",42,101,8192,8142,48,NA,NA,NA,2,NA,39240,2130,NA,NA,NA,NA,NA,NA,NA,NA,NA,NA,NA,NA,2154,2127,27,327,1800
"548","1950","4210104015000",42,101,3906,3179,722,NA,NA,NA,5,NA,25970,859,NA,NA,NA,NA,NA,NA,NA,NA,NA,NA,NA,NA,854,848,6,398,450
"549","1950","4210104016000",42,101,2851,2788,63,NA,NA,NA,0,NA,34090,693,NA,NA,NA,NA,NA,NA,NA,NA,NA,NA,NA,NA,696,683,13,167,516
"550","1950","4210104017000",42,101,1985,1344,635,NA,NA,NA,6,NA,31250,443,NA,NA,NA,NA,NA,NA,NA,NA,NA,NA,NA,NA,463,446,17,102,344
"551","1950","4210104018000",42,101,58,58,0,NA,NA,NA,0,NA,0,13,NA,NA,NA,NA,NA,NA,NA,NA,NA,NA,NA,NA,13,13,0,10,3
"552","1950","4210104019000",42,101,133,95,28,NA,NA,NA,10,NA,0,0,NA,NA,NA,NA,NA,NA,NA,NA,NA,NA,NA,NA,0,0,0,0,0
"553","1950","4210104020000",42,101,0,0,0,NA,NA,NA,0,NA,0,0,NA,NA,NA,NA,NA,NA,NA,NA,NA,NA,NA,NA,0,0,0,0,0
"554","1950","4210104021000",42,101,2511,1051,1442,NA,NA,NA,18,NA,27140,593,NA,NA,NA,NA,NA,NA,NA,NA,NA,NA,NA,NA,606,587,19,213,374
"555","1950","4210104022000",42,101,2114,1411,698,NA,NA,NA,5,NA,28130,507,NA,NA,NA,NA,NA,NA,NA,NA,NA,NA,NA,NA,507,504,3,125,379
"556","1950","4210104023000",42,101,1087,443,641,NA,NA,NA,3,NA,0,210,NA,NA,NA,NA,NA,NA,NA,NA,NA,NA,NA,NA,217,215,2,67,148
"557","1950","4210104024000",42,101,1771,801,963,NA,NA,NA,7,NA,23750,417,NA,NA,NA,NA,NA,NA,NA,NA,NA,NA,NA,NA,423,416,7,111,305
"558","1950","4210104025000",42,101,687,490,197,NA,NA,NA,0,NA,0,164,NA,NA,NA,NA,NA,NA,NA,NA,NA,NA,NA,NA,165,162,3,48,114
"559","1950","4210104026000",42,101,2,0,2,NA,NA,NA,0,NA,0,1,NA,NA,NA,NA,NA,NA,NA,NA,NA,NA,NA,NA,0,0,0,0,0
"560","1950","4210104027000",42,101,0,0,0,NA,NA,NA,0,NA,0,0,NA,NA,NA,NA,NA,NA,NA,NA,NA,NA,NA,NA,0,0,0,0,0
"561","1950","4210104028000",42,101,5,5,0,NA,NA,NA,0,NA,0,1,NA,NA,NA,NA,NA,NA,NA,NA,NA,NA,NA,NA,0,0,0,0,0
"562","1950","4210104101000",42,101,105,105,0,NA,NA,NA,0,NA,0,9,NA,NA,NA,NA,NA,NA,NA,NA,NA,NA,NA,NA,9,9,0,3,6
"563","1950","4210104102000",42,101,536,535,1,NA,NA,NA,0,NA,0,128,NA,NA,NA,NA,NA,NA,NA,NA,NA,NA,NA,NA,135,132,3,9,123
"564","1950","4210104103000",42,101,601,599,2,NA,NA,NA,0,NA,0,156,NA,NA,NA,NA,NA,NA,NA,NA,NA,NA,NA,NA,167,159,8,15,144
"565","1950","4210104104000",42,101,125,125,0,NA,NA,NA,0,NA,0,34,NA,NA,NA,NA,NA,NA,NA,NA,NA,NA,NA,NA,35,34,1,11,23
"566","1950","4210104105000",42,101,2324,1299,1025,NA,NA,NA,0,NA,0,244,NA,NA,NA,NA,NA,NA,NA,NA,NA,NA,NA,NA,248,244,4,38,206
"567","1950","4210104106000",42,101,31,6,25,NA,NA,NA,0,NA,0,7,NA,NA,NA,NA,NA,NA,NA,NA,NA,NA,NA,NA,7,7,0,6,1
"568","1950","4210104107000",42,101,4172,3734,437,NA,NA,NA,1,NA,38440,1130,NA,NA,NA,NA,NA,NA,NA,NA,NA,NA,NA,NA,1203,1134,69,280,854
"569","1950","4210104108000",42,101,10193,10172,17,NA,NA,NA,4,NA,38640,2786,NA,NA,NA,NA,NA,NA,NA,NA,NA,NA,NA,NA,2820,2796,24,388,2408
"570","1950","4210104109000",42,101,9398,9329,68,NA,NA,NA,1,NA,37110,2547,NA,NA,NA,NA,NA,NA,NA,NA,NA,NA,NA,NA,2580,2550,30,473,2077
"571","1950","4210104110000",42,101,5634,5633,0,NA,NA,NA,1,NA,39830,1626,NA,NA,NA,NA,NA,NA,NA,NA,NA,NA,NA,NA,1723,1624,99,235,1389
"572","1950","4210104111000",42,101,5625,5619,2,NA,NA,NA,4,NA,40560,1579,NA,NA,NA,NA,NA,NA,NA,NA,NA,NA,NA,NA,1611,1575,36,276,1299
"573","1950","4210104112000",42,101,4420,4417,2,NA,NA,NA,1,NA,34870,1296,NA,NA,NA,NA,NA,NA,NA,NA,NA,NA,NA,NA,1323,1303,20,302,1001
"574","1950","4210104113000",42,101,3498,3496,0,NA,NA,NA,2,NA,38800,993,NA,NA,NA,NA,NA,NA,NA,NA,NA,NA,NA,NA,1024,991,33,181,810
"575","1950","4210104114000",42,101,6155,6141,4,NA,NA,NA,10,NA,33940,1767,NA,NA,NA,NA,NA,NA,NA,NA,NA,NA,NA,NA,1815,1771,44,499,1272
"576","1950","4210104115000",42,101,563,563,0,NA,NA,NA,0,NA,0,117,NA,NA,NA,NA,NA,NA,NA,NA,NA,NA,NA,NA,119,119,0,35,84
"577","1950","4210104116000",42,101,227,213,14,NA,NA,NA,0,NA,0,53,NA,NA,NA,NA,NA,NA,NA,NA,NA,NA,NA,NA,56,53,3,8,45
"578","1950","4210104117000",42,101,1246,1020,222,NA,NA,NA,4,NA,0,226,NA,NA,NA,NA,NA,NA,NA,NA,NA,NA,NA,NA,230,226,4,79,147
"579","1950","4210104118000",42,101,920,811,107,NA,NA,NA,2,NA,0,6,NA,NA,NA,NA,NA,NA,NA,NA,NA,NA,NA,NA,5,5,0,5,0
"580","1950","4210104119000",42,101,958,538,419,NA,NA,NA,1,NA,0,1,NA,NA,NA,NA,NA,NA,NA,NA,NA,NA,NA,NA,0,0,0,0,0
"581","1950","4210104120000",42,101,5,5,0,NA,NA,NA,0,NA,0,3,NA,NA,NA,NA,NA,NA,NA,NA,NA,NA,NA,NA,0,0,0,0,0
"582","1950","4210104121000",42,101,604,604,0,NA,NA,NA,0,NA,0,158,NA,NA,NA,NA,NA,NA,NA,NA,NA,NA,NA,NA,169,158,11,72,86
"583","1950","4210104122000",42,101,308,305,3,NA,NA,NA,0,NA,0,62,NA,NA,NA,NA,NA,NA,NA,NA,NA,NA,NA,NA,63,62,1,19,43
"584","1950","4210104201000",42,101,1497,1495,0,NA,NA,NA,2,NA,39550,456,NA,NA,NA,NA,NA,NA,NA,NA,NA,NA,NA,NA,474,458,16,77,381
"585","1950","4210104202000",42,101,6203,6200,1,NA,NA,NA,2,NA,37300,1833,NA,NA,NA,NA,NA,NA,NA,NA,NA,NA,NA,NA,1850,1835,15,351,1484
"586","1950","4210104203000",42,101,2045,2038,7,NA,NA,NA,0,NA,40710,607,NA,NA,NA,NA,NA,NA,NA,NA,NA,NA,NA,NA,616,601,15,205,396
"587","1950","4210104204000",42,101,3911,3893,14,NA,NA,NA,4,NA,36630,1234,NA,NA,NA,NA,NA,NA,NA,NA,NA,NA,NA,NA,1226,1212,14,524,688
"588","1950","4210104205000",42,101,8440,8435,4,NA,NA,NA,1,NA,43090,2592,NA,NA,NA,NA,NA,NA,NA,NA,NA,NA,NA,NA,2609,2590,19,348,2242
"589","1950","4210104206000",42,101,10982,10969,12,NA,NA,NA,1,NA,44920,3319,NA,NA,NA,NA,NA,NA,NA,NA,NA,NA,NA,NA,3395,3339,56,466,2873
"590","1950","4210104207000",42,101,2908,2904,3,NA,NA,NA,1,NA,40790,868,NA,NA,NA,NA,NA,NA,NA,NA,NA,NA,NA,NA,892,866,26,187,679
"591","1950","4210104208000",42,101,2274,2272,1,NA,NA,NA,1,NA,44600,755,NA,NA,NA,NA,NA,NA,NA,NA,NA,NA,NA,NA,821,733,88,322,411
"592","1950","4210104209000",42,101,271,271,0,NA,NA,NA,0,NA,0,88,NA,NA,NA,NA,NA,NA,NA,NA,NA,NA,NA,NA,91,89,2,5,84
"593","1950","4210104210000",42,101,218,217,1,NA,NA,NA,0,NA,0,57,NA,NA,NA,NA,NA,NA,NA,NA,NA,NA,NA,NA,68,57,11,9,48
"594","1950","4210104211000",42,101,3190,3188,1,NA,NA,NA,1,NA,49030,1007,NA,NA,NA,NA,NA,NA,NA,NA,NA,NA,NA,NA,1073,989,84,156,833
"595","1950","4210104212000",42,101,7229,7224,4,NA,NA,NA,1,NA,47500,2111,NA,NA,NA,NA,NA,NA,NA,NA,NA,NA,NA,NA,2197,2116,81,252,1864
"596","1950","4210104213000",42,101,6135,6126,3,NA,NA,NA,6,NA,35780,1731,NA,NA,NA,NA,NA,NA,NA,NA,NA,NA,NA,NA,1742,1729,13,329,1400
"597","1950","4210104214000",42,101,9012,9001,9,NA,NA,NA,2,NA,39850,2644,NA,NA,NA,NA,NA,NA,NA,NA,NA,NA,NA,NA,2649,2623,26,436,2187
"598","1950","4210104215000",42,101,1756,1716,33,NA,NA,NA,7,NA,50830,475,NA,NA,NA,NA,NA,NA,NA,NA,NA,NA,NA,NA,479,476,3,91,385
"599","1950","4210104216000",42,101,4192,4192,0,NA,NA,NA,0,NA,36850,1224,NA,NA,NA,NA,NA,NA,NA,NA,NA,NA,NA,NA,1231,1219,12,198,1021
"600","1950","4210104217000",42,101,6959,6950,4,NA,NA,NA,5,NA,36250,2215,NA,NA,NA,NA,NA,NA,NA,NA,NA,NA,NA,NA,2238,2203,35,600,1603
"601","1950","4210104218000",42,101,3474,3473,1,NA,NA,NA,0,NA,37970,1121,NA,NA,NA,NA,NA,NA,NA,NA,NA,NA,NA,NA,1124,1117,7,143,974
"602","1950","4210104219000",42,101,4059,4041,15,NA,NA,NA,3,NA,35830,1257,NA,NA,NA,NA,NA,NA,NA,NA,NA,NA,NA,NA,1274,1262,12,383,879
"603","1950","4210104220000",42,101,5044,5032,8,NA,NA,NA,4,NA,36670,1594,NA,NA,NA,NA,NA,NA,NA,NA,NA,NA,NA,NA,1598,1586,12,524,1062
"604","1950","4210104221000",42,101,6980,6303,671,NA,NA,NA,6,NA,31630,1888,NA,NA,NA,NA,NA,NA,NA,NA,NA,NA,NA,NA,1917,1892,25,366,1526
"605","1950","4210104222000",42,101,6482,6478,4,NA,NA,NA,0,NA,38530,1999,NA,NA,NA,NA,NA,NA,NA,NA,NA,NA,NA,NA,2018,1988,30,683,1305
"606","1950","4210104223000",42,101,3383,3372,11,NA,NA,NA,0,NA,41360,1216,NA,NA,NA,NA,NA,NA,NA,NA,NA,NA,NA,NA,1219,1198,21,600,598
"607","1950","4210104224000",42,101,143,143,0,NA,NA,NA,0,NA,0,17,NA,NA,NA,NA,NA,NA,NA,NA,NA,NA,NA,NA,21,17,4,7,10
"608","1950","4210104225000",42,101,4284,4258,21,NA,NA,NA,5,NA,39060,1227,NA,NA,NA,NA,NA,NA,NA,NA,NA,NA,NA,NA,1256,1230,26,256,974
"609","1950","4210104226000",42,101,3642,3635,0,NA,NA,NA,7,NA,36920,1128,NA,NA,NA,NA,NA,NA,NA,NA,NA,NA,NA,NA,1153,1121,32,266,855
"610","1950","4210104227000",42,101,8013,8010,2,NA,NA,NA,1,NA,35880,2411,NA,NA,NA,NA,NA,NA,NA,NA,NA,NA,NA,NA,2447,2417,30,592,1825
"611","1950","4210104228000",42,101,4588,4583,4,NA,NA,NA,1,NA,38570,1390,NA,NA,NA,NA,NA,NA,NA,NA,NA,NA,NA,NA,1423,1390,33,392,998
"612","1950","4210104229000",42,101,0,0,0,NA,NA,NA,0,NA,0,0,NA,NA,NA,NA,NA,NA,NA,NA,NA,NA,NA,NA,0,0,0,0,0
"613","1950","4210104230000",42,101,9284,9277,3,NA,NA,NA,4,NA,34740,2632,NA,NA,NA,NA,NA,NA,NA,NA,NA,NA,NA,NA,2660,2637,23,444,2193
"614","1950","4210104231000",42,101,5851,5851,0,NA,NA,NA,0,NA,33490,1818,NA,NA,NA,NA,NA,NA,NA,NA,NA,NA,NA,NA,1836,1809,27,448,1361
"615","1950","4210104232000",42,101,2677,2677,0,NA,NA,NA,0,NA,35880,795,NA,NA,NA,NA,NA,NA,NA,NA,NA,NA,NA,NA,798,786,12,185,601
"616","1950","4210104233000",42,101,8285,8277,3,NA,NA,NA,5,NA,38040,2372,NA,NA,NA,NA,NA,NA,NA,NA,NA,NA,NA,NA,2376,2337,39,422,1915
"617","1950","4210104234000",42,101,10071,10032,19,NA,NA,NA,20,NA,36070,3286,NA,NA,NA,NA,NA,NA,NA,NA,NA,NA,NA,NA,3304,3278,26,1265,2013
"618","1950","4210104235000",42,101,4927,4906,7,NA,NA,NA,14,NA,35660,1444,NA,NA,NA,NA,NA,NA,NA,NA,NA,NA,NA,NA,1467,1457,10,315,1142
"619","1950","4210104236000",42,101,2016,2015,1,NA,NA,NA,0,NA,36610,556,NA,NA,NA,NA,NA,NA,NA,NA,NA,NA,NA,NA,556,555,1,83,472
"620","1950","4210104237000",42,101,4130,4121,1,NA,NA,NA,8,NA,32590,1191,NA,NA,NA,NA,NA,NA,NA,NA,NA,NA,NA,NA,1203,1182,21,262,920
"621","1950","4210104301000",42,101,7638,7625,1,NA,NA,NA,12,NA,33170,2342,NA,NA,NA,NA,NA,NA,NA,NA,NA,NA,NA,NA,2346,2329,17,458,1871
"622","1950","4210104302000",42,101,6410,6081,324,NA,NA,NA,5,NA,30440,1885,NA,NA,NA,NA,NA,NA,NA,NA,NA,NA,NA,NA,1906,1880,26,680,1200
"623","1950","4210104303000",42,101,6069,5726,340,NA,NA,NA,3,NA,29340,1798,NA,NA,NA,NA,NA,NA,NA,NA,NA,NA,NA,NA,1832,1802,30,770,1032
"624","1950","4210104304000",42,101,16448,16263,179,NA,NA,NA,6,NA,31980,4737,NA,NA,NA,NA,NA,NA,NA,NA,NA,NA,NA,NA,4803,4736,67,1397,3339
"625","1950","4210104305000",42,101,10819,10816,2,NA,NA,NA,1,NA,30240,3211,NA,NA,NA,NA,NA,NA,NA,NA,NA,NA,NA,NA,3277,3203,74,988,2215
"626","1950","4210104401000",42,101,12405,9962,2435,NA,NA,NA,8,NA,27320,3162,NA,NA,NA,NA,NA,NA,NA,NA,NA,NA,NA,NA,3205,3152,53,1450,1702
"627","1950","4210104402000",42,101,15168,4070,11082,NA,NA,NA,16,NA,20310,3562,NA,NA,NA,NA,NA,NA,NA,NA,NA,NA,NA,NA,3628,3580,48,1766,1814
"628","1950","4210104403000",42,101,13979,4069,9881,NA,NA,NA,29,NA,23590,4003,NA,NA,NA,NA,NA,NA,NA,NA,NA,NA,NA,NA,4105,4039,66,1567,2472
"629","1950","4210104501000",42,101,3166,3164,2,NA,NA,NA,0,NA,31970,814,NA,NA,NA,NA,NA,NA,NA,NA,NA,NA,NA,NA,835,815,20,164,651
"630","1950","4210104502000",42,101,34,30,4,NA,NA,NA,0,NA,0,0,NA,NA,NA,NA,NA,NA,NA,NA,NA,NA,NA,NA,0,0,0,0,0
"631","1950","4210104503000",42,101,5922,5921,1,NA,NA,NA,0,NA,34020,1545,NA,NA,NA,NA,NA,NA,NA,NA,NA,NA,NA,NA,1572,1551,21,195,1356
"632","1950","4210104504000",42,101,489,487,1,NA,NA,NA,1,NA,0,140,NA,NA,NA,NA,NA,NA,NA,NA,NA,NA,NA,NA,148,142,6,33,109
"633","1950","4210104505000",42,101,1265,1265,0,NA,NA,NA,0,NA,0,327,NA,NA,NA,NA,NA,NA,NA,NA,NA,NA,NA,NA,336,333,3,153,180
"634","1950","4210104506000",42,101,1927,1910,10,NA,NA,NA,7,NA,36250,571,NA,NA,NA,NA,NA,NA,NA,NA,NA,NA,NA,NA,593,581,12,122,459
"635","1950","4210104507000",42,101,8548,8533,7,NA,NA,NA,8,NA,31740,2470,NA,NA,NA,NA,NA,NA,NA,NA,NA,NA,NA,NA,2509,2481,28,677,1804
"636","1950","4210104508000",42,101,2804,2739,65,NA,NA,NA,0,NA,30100,742,NA,NA,NA,NA,NA,NA,NA,NA,NA,NA,NA,NA,765,747,18,174,573
"637","1950","4210104509000",42,101,7656,7637,17,NA,NA,NA,2,NA,33650,2005,NA,NA,NA,NA,NA,NA,NA,NA,NA,NA,NA,NA,2017,2004,13,293,1711
"638","1950","4210104510000",42,101,1049,1012,36,NA,NA,NA,1,NA,0,275,NA,NA,NA,NA,NA,NA,NA,NA,NA,NA,NA,NA,281,274,7,67,207
"639","1950","4210104511000",42,101,338,338,0,NA,NA,NA,0,NA,0,104,NA,NA,NA,NA,NA,NA,NA,NA,NA,NA,NA,NA,107,103,4,22,81
"640","1950","4210104601000",42,101,9813,9534,269,NA,NA,NA,10,NA,32790,3736,NA,NA,NA,NA,NA,NA,NA,NA,NA,NA,NA,NA,3767,3716,51,2953,763
"641","1950","4210104602000",42,101,11356,10335,972,NA,NA,NA,49,NA,26730,3531,NA,NA,NA,NA,NA,NA,NA,NA,NA,NA,NA,NA,3596,3515,81,1674,1841
"642","1950","4210104603000",42,101,8110,7306,790,NA,NA,NA,14,NA,32260,2276,NA,NA,NA,NA,NA,NA,NA,NA,NA,NA,NA,NA,2282,2263,19,758,1505
"643","1950","4210104604000",42,101,14305,14255,26,NA,NA,NA,24,NA,32780,4365,NA,NA,NA,NA,NA,NA,NA,NA,NA,NA,NA,NA,4474,4396,78,1514,2882
"644","1950","4210104605000",42,101,10802,10788,7,NA,NA,NA,7,NA,37600,2980,NA,NA,NA,NA,NA,NA,NA,NA,NA,NA,NA,NA,3010,2978,32,596,2382
"645","1950","4210104606000",42,101,13066,13034,26,NA,NA,NA,6,NA,33210,3434,NA,NA,NA,NA,NA,NA,NA,NA,NA,NA,NA,NA,3435,3414,21,669,2745
"646","1950","4210104607000",42,101,6756,6744,4,NA,NA,NA,8,NA,34190,2096,NA,NA,NA,NA,NA,NA,NA,NA,NA,NA,NA,NA,2150,2096,54,743,1353
"647","1950","4210104608000",42,101,7221,7189,30,NA,NA,NA,2,NA,31460,2373,NA,NA,NA,NA,NA,NA,NA,NA,NA,NA,NA,NA,2350,2334,16,1421,913
"648","1950","4210104609000",42,101,6777,6588,173,NA,NA,NA,16,NA,28350,2676,NA,NA,NA,NA,NA,NA,NA,NA,NA,NA,NA,NA,2783,2708,75,2041,667
"649","1950","4210104610000",42,101,0,0,0,NA,NA,NA,0,NA,0,0,NA,NA,NA,NA,NA,NA,NA,NA,NA,NA,NA,NA,0,0,0,0,0
"650","1950","4210104701000",42,101,17201,5263,11902,NA,NA,NA,36,NA,18560,5762,NA,NA,NA,NA,NA,NA,NA,NA,NA,NA,NA,NA,5998,5745,253,4929,816
"651","1950","4210104702000",42,101,5768,123,5628,NA,NA,NA,17,NA,17690,1629,NA,NA,NA,NA,NA,NA,NA,NA,NA,NA,NA,NA,1674,1633,41,1324,309
"652","1950","4210104703000",42,101,10670,2408,8253,NA,NA,NA,9,NA,13910,2467,NA,NA,NA,NA,NA,NA,NA,NA,NA,NA,NA,NA,2543,2469,74,1915,554
"653","1950","4210104704000",42,101,3055,1146,1907,NA,NA,NA,2,NA,13520,822,NA,NA,NA,NA,NA,NA,NA,NA,NA,NA,NA,NA,852,825,27,701,124
"654","1950","4210104801000",42,101,16570,16540,10,NA,NA,NA,20,NA,34550,4255,NA,NA,NA,NA,NA,NA,NA,NA,NA,NA,NA,NA,4289,4251,38,872,3379
"655","1950","4210104802000",42,101,5774,5639,130,NA,NA,NA,5,NA,31170,1429,NA,NA,NA,NA,NA,NA,NA,NA,NA,NA,NA,NA,1437,1426,11,848,578
"656","1950","4210104803000",42,101,4786,4772,9,NA,NA,NA,5,NA,38450,1286,NA,NA,NA,NA,NA,NA,NA,NA,NA,NA,NA,NA,1302,1285,17,497,788
"657","1950","4210104804000",42,101,3681,2734,931,NA,NA,NA,16,NA,20100,834,NA,NA,NA,NA,NA,NA,NA,NA,NA,NA,NA,NA,842,835,7,713,122
"658","1950","4210104805000",42,101,986,972,2,NA,NA,NA,12,NA,0,243,NA,NA,NA,NA,NA,NA,NA,NA,NA,NA,NA,NA,249,245,4,245,0
"659","1950","4210104806000",42,101,3,3,0,NA,NA,NA,0,NA,0,1,NA,NA,NA,NA,NA,NA,NA,NA,NA,NA,NA,NA,0,0,0,0,0
